2025-09-27 01:07:31,844 [ERROR] in Thread-0 - java.lang.reflect.InvocationTargetException - Thread-0
2025-09-27 01:07:31,847 [ERROR] in Thread-0 - 	at java.base/jdk.internal.reflect.DirectMethodHandleAccessor.invoke(DirectMethodHandleAccessor.java:118) - Thread-0
2025-09-27 01:07:31,847 [ERROR] in Thread-0 - 	at java.base/java.lang.reflect.Method.invoke(Method.java:580) - Thread-0
2025-09-27 01:07:31,847 [ERROR] in Thread-0 - 	at com.jpro.boot.JProBoot.callMain(JProBoot.java:99) - Thread-0
2025-09-27 01:07:31,847 [ERROR] in Thread-0 - 	at com.jpro.boot.JProBoot.lambda$startInThread$0(JProBoot.java:110) - Thread-0
2025-09-27 01:07:31,847 [ERROR] in Thread-0 - 	at java.base/java.lang.Thread.run(Thread.java:1583) - Thread-0
2025-09-27 01:07:31,848 [ERROR] in Thread-0 - Caused by: java.lang.UnsupportedClassVersionError: javafx/scene/Node has been compiled by a more recent version of the Java Runtime (class file version 67.0), this version of the Java Runtime only recognizes class file versions up to 65.0 - Thread-0
2025-09-27 01:07:31,848 [ERROR] in Thread-0 - 	at java.base/java.lang.ClassLoader.defineClass1(Native Method) - Thread-0
2025-09-27 10:24:13,573 [INFO] in AsyncAppender-Worker-ASYNCSTDOUT - [[34mINFO [0;39m] c.jpro.activity - Starting the server - AsyncAppender-Worker-ASYNCSTDOUT
2025-09-27 10:24:13,575 [INFO] in AsyncAppender-Worker-ASYNCSTDOUT - [[34mINFO [0;39m] c.j.i.s.JProInitializer$ -  *** Starting JPro: https://www.jpro.one/ *** - AsyncAppender-Worker-ASYNCSTDOUT
2025-09-27 10:24:13,575 [INFO] in AsyncAppender-Worker-ASYNCSTDOUT - [[34mINFO [0;39m] c.j.i.s.JProInitializer$ - OS: Windows 11 - AsyncAppender-Worker-ASYNCSTDOUT
2025-09-27 10:24:13,578 [INFO] in AsyncAppender-Worker-ASYNCSTDOUT - [[34mINFO [0;39m] c.j.i.s.JProInitializer$ - JPro: 2025.3.1-SNAPSHOT - AsyncAppender-Worker-ASYNCSTDOUT
2025-09-27 10:24:13,580 [INFO] in AsyncAppender-Worker-ASYNCSTDOUT - [[34mINFO [0;39m] c.j.i.s.JProInitializer$ - JPro buildtime: Sat, 20 Sep 2025 20:03:24 +0800 - AsyncAppender-Worker-ASYNCSTDOUT
2025-09-27 10:24:13,580 [INFO] in AsyncAppender-Worker-ASYNCSTDOUT - [[34mINFO [0;39m] c.j.i.s.JProInitializer$ - Java version: 23-valhalla - AsyncAppender-Worker-ASYNCSTDOUT
2025-09-27 10:24:13,580 [INFO] in AsyncAppender-Worker-ASYNCSTDOUT - [[34mINFO [0;39m] c.j.i.s.JProInitializer$ - JVM: 23-valhalla Oracle Corporation - AsyncAppender-Worker-ASYNCSTDOUT
2025-09-27 10:24:13,581 [INFO] in AsyncAppender-Worker-ASYNCSTDOUT - [[34mINFO [0;39m] c.j.i.s.JProInitializer$ - JavaFX jar: file:/C:/Users/LDS7871/.m2/repository/org/openjfx/javafx-graphics/25.0.2-jpro/javafx-graphics-25.0.2-jpro-win.jar - AsyncAppender-Worker-ASYNCSTDOUT
2025-09-27 10:24:13,584 [INFO] in AsyncAppender-Worker-ASYNCSTDOUT - [[34mINFO [0;39m] c.j.i.s.JProInitializer$ - Configuring logging from url: 'jar:file:/C:/Users/LDS7871/.m2/repository/one/jpro/jpro-server_2.12/2025.3.1-SNAPSHOT/jpro-server_2.12-2025.3.1-SNAPSHOT.jar!/logback-jpro-default.xml' - AsyncAppender-Worker-ASYNCSTDOUT
2025-09-27 10:24:14,775 [INFO] in AsyncAppender-Worker-ASYNCSTDOUT - [[34mINFO [0;39m] c.j.i.s.JProInitializer$ - JavaFX version: 25.0.2-jpro+0 - AsyncAppender-Worker-ASYNCSTDOUT
2025-09-27 10:24:14,905 [INFO] in JavaFX Application Thread - G1 Young Generation - JavaFX Application Thread
2025-09-27 10:24:14,905 [INFO] in JavaFX Application Thread - G1 Concurrent GC - JavaFX Application Thread
2025-09-27 10:24:14,905 [INFO] in JavaFX Application Thread - G1 Old Generation - JavaFX Application Thread
2025-09-27 10:24:14,931 [INFO] in AsyncAppender-Worker-ASYNCSTDOUT - [[34mINFO [0;39m] c.j.i.s.JProInitializer$ - finished init! - AsyncAppender-Worker-ASYNCSTDOUT
2025-09-27 10:24:14,938 [INFO] in AsyncAppender-Worker-ASYNCSTDOUT - [[34mINFO [0;39m] c.j.i.s.JProInitializer$ - [JPro] -> Server started: {start_time: 1758939853569, os_name: Windows 11, jpro_version: 2025.3.1-SNAPSHOT, pid: 22664} - AsyncAppender-Worker-ASYNCSTDOUT
2025-09-27 10:24:15,039 [INFO] in AsyncAppender-Worker-ASYNCSTDOUT - [[34mINFO [0;39m] c.j.i.s.Route$ - Creating routing for JPro server - AsyncAppender-Worker-ASYNCSTDOUT
2025-09-27 10:24:15,115 [INFO] in AsyncAppender-Worker-ASYNCSTDOUT - [[34mINFO [0;39m] i.h.c.f.HelidonFeatures - Helidon SE 4.2.6 features: [Config, Encoding, Media, Metrics, Registry, WebServer, WebSocket] - AsyncAppender-Worker-ASYNCSTDOUT
2025-09-27 10:24:15,123 [INFO] in AsyncAppender-Worker-ASYNCSTDOUT - [[34mINFO [0;39m] i.h.w.ServerListener - [0x1e118b1f] http://0.0.0.0:8080 bound for socket '@default' - AsyncAppender-Worker-ASYNCSTDOUT
2025-09-27 10:24:15,125 [ERROR] in Thread-0 - There is no Helidon logging implementation on classpath, skipping log configuration. - Thread-0
2025-09-27 10:24:15,134 [INFO] in AsyncAppender-Worker-ASYNCSTDOUT - [[34mINFO [0;39m] i.h.w.LoomServer - Started all channels in 19 milliseconds. 10457 milliseconds since JVM startup. Java 23-valhalla+1-90 - AsyncAppender-Worker-ASYNCSTDOUT
2025-09-27 10:24:15,135 [INFO] in Thread-0 - Server started at http://localhost:8080 - Thread-0
2025-09-27 10:24:15,959 [INFO] in AsyncAppender-Worker-ASYNCSTDOUT - [[34mINFO [0;39m] c.j.i.s.JProWSEndpoint - application requested: default params: Map() - AsyncAppender-Worker-ASYNCSTDOUT
2025-09-27 10:24:15,961 [INFO] in AsyncAppender-Worker-ASYNCSTDOUT - [[34mINFO [0;39m] c.j.i.s.JProWSEndpoint - Creating Application: default - AsyncAppender-Worker-ASYNCSTDOUT
2025-09-27 10:24:15,961 [INFO] in AsyncAppender-Worker-ASYNCSTDOUT - [[34mINFO [0;39m] c.j.i.s.JProWSEndpoint - remoteAddress unknown - AsyncAppender-Worker-ASYNCSTDOUT
2025-09-27 10:24:15,961 [INFO] in AsyncAppender-Worker-ASYNCSTDOUT - [[34mINFO [0;39m] c.j.i.s.JProWSEndpoint - host           - AsyncAppender-Worker-ASYNCSTDOUT
2025-09-27 10:24:15,961 [INFO] in AsyncAppender-Worker-ASYNCSTDOUT - [[34mINFO [0;39m] c.j.i.s.JProWSEndpoint - uri           /app/ws/default - AsyncAppender-Worker-ASYNCSTDOUT
2025-09-27 10:24:15,975 [INFO] in AsyncAppender-Worker-ASYNCSTDOUT - [[34mINFO [0;39m] c.j.i.s.JProWSEndpoint - Application found. - AsyncAppender-Worker-ASYNCSTDOUT
2025-09-27 10:24:15,979 [INFO] in AsyncAppender-Worker-ASYNCSTDOUT - [[34mINFO [0;39m] c.j.i.s.JProWSEndpoint - Handshake received: JSFILE_ID_REPLACED_BY_PLAY - AsyncAppender-Worker-ASYNCSTDOUT
2025-09-27 10:24:16,335 [ERROR] in JavaFX Application Thread - java.lang.Exception: Can't start com.lds7871.flyaway.A_Contorller.Main@4e8d14c8 with JPro. com.lds7871.flyaway.A_Contorller.Main@4e8d14c8 does not extend javafx.application.Application - JavaFX Application Thread
2025-09-27 10:24:16,336 [ERROR] in JavaFX Application Thread - 	at com.jpro.internal.config.ApplicationStarter$.$anonfun$startApplication$2(ApplicationStarter.scala:117) - JavaFX Application Thread
2025-09-27 10:24:16,336 [ERROR] in JavaFX Application Thread - 	at simplefx.cores.interfaces.parts.testing.CoreTesting.inFX(CoreTesting.scala:21) - JavaFX Application Thread
2025-09-27 10:24:16,336 [ERROR] in JavaFX Application Thread - 	at simplefx.cores.interfaces.parts.testing.CoreTesting.inFX$(CoreTesting.scala:18) - JavaFX Application Thread
2025-09-27 10:24:16,336 [ERROR] in JavaFX Application Thread - 	at simplefx.cores.standard.Core.inFX(Core.scala:9) - JavaFX Application Thread
2025-09-27 10:24:16,336 [ERROR] in JavaFX Application Thread - 	at com.jpro.internal.config.ApplicationStarter$.startApplication(ApplicationStarter.scala:112) - JavaFX Application Thread
2025-09-27 10:24:16,336 [ERROR] in JavaFX Application Thread - 	at com.jpro.internal.config.ApplicationStarter$.requestApplication(ApplicationStarter.scala:95) - JavaFX Application Thread
2025-09-27 10:24:16,336 [ERROR] in JavaFX Application Thread - 	at com.jpro.internal.config.ApplicationStarter$.getApplication(ApplicationStarter.scala:61) - JavaFX Application Thread
2025-09-27 10:24:16,336 [ERROR] in JavaFX Application Thread - 	at com.jpro.internal.communicator.ViewImpl.<init>(ViewImpl.scala:43) - JavaFX Application Thread
2025-09-27 10:24:16,336 [ERROR] in JavaFX Application Thread - 	at com.jpro.internal.server.ViewByWS.<init>(JProWSEndpoint.scala:245) - JavaFX Application Thread
2025-09-27 10:24:16,336 [ERROR] in JavaFX Application Thread - 	at com.jpro.internal.server.JProWSEndpoint$$anonfun$dispatchMessage$1.$anonfun$applyOrElse$3(JProWSEndpoint.scala:196) - JavaFX Application Thread
2025-09-27 10:24:16,336 [ERROR] in JavaFX Application Thread - 	at scala.runtime.java8.JFunction0$mcV$sp.apply(JFunction0$mcV$sp.java:23) - JavaFX Application Thread
2025-09-27 10:24:16,336 [ERROR] in JavaFX Application Thread - 	at simplefx.cores.standard.parts.CoreTimeEvent$$anon$3.run(CoreTimeEvent.scala:62) - JavaFX Application Thread
2025-09-27 10:24:16,336 [ERROR] in JavaFX Application Thread - 	at com.sun.javafx.application.PlatformImpl.lambda$runLater$0(PlatformImpl.java:425) - JavaFX Application Thread
2025-09-27 10:24:16,336 [ERROR] in JavaFX Application Thread - 	at com.sun.glass.ui.monocle.RunnableProcessor.runLoop(RunnableProcessor.java:92) - JavaFX Application Thread
2025-09-27 10:24:16,336 [ERROR] in JavaFX Application Thread - 	at com.sun.glass.ui.monocle.RunnableProcessor.run(RunnableProcessor.java:51) - JavaFX Application Thread
2025-09-27 10:24:16,336 [ERROR] in JavaFX Application Thread - 	at java.base/java.lang.Thread.run(Thread.java:1575) - JavaFX Application Thread
2025-09-27 10:24:16,336 [ERROR] in JavaFX Application Thread - java.lang.Exception: Can't start com.lds7871.flyaway.A_Contorller.Main@4e8d14c8 with JPro. com.lds7871.flyaway.A_Contorller.Main@4e8d14c8 does not extend javafx.application.Application - JavaFX Application Thread
2025-09-27 10:24:16,336 [ERROR] in JavaFX Application Thread - 	at com.jpro.internal.config.ApplicationStarter$.$anonfun$startApplication$2(ApplicationStarter.scala:117) - JavaFX Application Thread
2025-09-27 10:24:16,336 [ERROR] in JavaFX Application Thread - 	at simplefx.cores.interfaces.parts.testing.CoreTesting.inFX(CoreTesting.scala:21) - JavaFX Application Thread
2025-09-27 10:24:16,336 [ERROR] in JavaFX Application Thread - 	at simplefx.cores.interfaces.parts.testing.CoreTesting.inFX$(CoreTesting.scala:18) - JavaFX Application Thread
2025-09-27 10:24:16,336 [ERROR] in JavaFX Application Thread - 	at simplefx.cores.standard.Core.inFX(Core.scala:9) - JavaFX Application Thread
2025-09-27 10:24:16,336 [ERROR] in JavaFX Application Thread - 	at com.jpro.internal.config.ApplicationStarter$.startApplication(ApplicationStarter.scala:112) - JavaFX Application Thread
2025-09-27 10:24:16,336 [ERROR] in JavaFX Application Thread - 	at com.jpro.internal.config.ApplicationStarter$.requestApplication(ApplicationStarter.scala:95) - JavaFX Application Thread
2025-09-27 10:24:16,336 [ERROR] in JavaFX Application Thread - 	at com.jpro.internal.config.ApplicationStarter$.getApplication(ApplicationStarter.scala:61) - JavaFX Application Thread
2025-09-27 10:24:16,336 [ERROR] in JavaFX Application Thread - 	at com.jpro.internal.communicator.ViewImpl.<init>(ViewImpl.scala:43) - JavaFX Application Thread
2025-09-27 10:24:16,337 [ERROR] in JavaFX Application Thread - 	at com.jpro.internal.server.ViewByWS.<init>(JProWSEndpoint.scala:245) - JavaFX Application Thread
2025-09-27 10:24:16,337 [ERROR] in JavaFX Application Thread - 	at com.jpro.internal.server.JProWSEndpoint$$anonfun$dispatchMessage$1.$anonfun$applyOrElse$3(JProWSEndpoint.scala:196) - JavaFX Application Thread
2025-09-27 10:24:16,337 [ERROR] in JavaFX Application Thread - 	at scala.runtime.java8.JFunction0$mcV$sp.apply(JFunction0$mcV$sp.java:23) - JavaFX Application Thread
2025-09-27 10:24:16,337 [ERROR] in JavaFX Application Thread - 	at simplefx.cores.standard.parts.CoreTimeEvent$$anon$3.run(CoreTimeEvent.scala:62) - JavaFX Application Thread
2025-09-27 10:24:16,337 [ERROR] in JavaFX Application Thread - 	at com.sun.javafx.application.PlatformImpl.lambda$runLater$0(PlatformImpl.java:425) - JavaFX Application Thread
2025-09-27 10:24:16,337 [ERROR] in JavaFX Application Thread - 	at com.sun.glass.ui.monocle.RunnableProcessor.runLoop(RunnableProcessor.java:92) - JavaFX Application Thread
2025-09-27 10:24:16,337 [ERROR] in JavaFX Application Thread - 	at com.sun.glass.ui.monocle.RunnableProcessor.run(RunnableProcessor.java:51) - JavaFX Application Thread
2025-09-27 10:24:16,337 [ERROR] in JavaFX Application Thread - 	at java.base/java.lang.Thread.run(Thread.java:1575) - JavaFX Application Thread
2025-09-27 10:24:16,337 [ERROR] in JavaFX Application Thread - Exception in thread "JavaFX Application Thread" java.lang.Exception: Can't start com.lds7871.flyaway.A_Contorller.Main@4e8d14c8 with JPro. com.lds7871.flyaway.A_Contorller.Main@4e8d14c8 does not extend javafx.application.Application - JavaFX Application Thread
2025-09-27 10:24:16,337 [ERROR] in JavaFX Application Thread - 	at com.jpro.internal.config.ApplicationStarter$.$anonfun$startApplication$2(ApplicationStarter.scala:117) - JavaFX Application Thread
2025-09-27 10:24:16,337 [ERROR] in JavaFX Application Thread - 	at simplefx.cores.interfaces.parts.testing.CoreTesting.inFX(CoreTesting.scala:21) - JavaFX Application Thread
2025-09-27 10:24:16,337 [ERROR] in JavaFX Application Thread - 	at simplefx.cores.interfaces.parts.testing.CoreTesting.inFX$(CoreTesting.scala:18) - JavaFX Application Thread
2025-09-27 10:24:16,337 [ERROR] in JavaFX Application Thread - 	at simplefx.cores.standard.Core.inFX(Core.scala:9) - JavaFX Application Thread
2025-09-27 10:24:16,337 [ERROR] in JavaFX Application Thread - 	at com.jpro.internal.config.ApplicationStarter$.startApplication(ApplicationStarter.scala:112) - JavaFX Application Thread
2025-09-27 10:24:16,337 [ERROR] in JavaFX Application Thread - 	at com.jpro.internal.config.ApplicationStarter$.requestApplication(ApplicationStarter.scala:95) - JavaFX Application Thread
2025-09-27 10:24:16,337 [ERROR] in JavaFX Application Thread - 	at com.jpro.internal.config.ApplicationStarter$.getApplication(ApplicationStarter.scala:61) - JavaFX Application Thread
2025-09-27 10:24:16,337 [ERROR] in JavaFX Application Thread - 	at com.jpro.internal.communicator.ViewImpl.<init>(ViewImpl.scala:43) - JavaFX Application Thread
2025-09-27 10:24:16,337 [ERROR] in JavaFX Application Thread - 	at com.jpro.internal.server.ViewByWS.<init>(JProWSEndpoint.scala:245) - JavaFX Application Thread
2025-09-27 10:24:16,337 [ERROR] in JavaFX Application Thread - 	at com.jpro.internal.server.JProWSEndpoint$$anonfun$dispatchMessage$1.$anonfun$applyOrElse$3(JProWSEndpoint.scala:196) - JavaFX Application Thread
2025-09-27 10:24:16,338 [ERROR] in JavaFX Application Thread - 	at scala.runtime.java8.JFunction0$mcV$sp.apply(JFunction0$mcV$sp.java:23) - JavaFX Application Thread
2025-09-27 10:24:16,338 [ERROR] in JavaFX Application Thread - 	at simplefx.cores.standard.parts.CoreTimeEvent$$anon$3.run(CoreTimeEvent.scala:62) - JavaFX Application Thread
2025-09-27 10:24:16,338 [ERROR] in JavaFX Application Thread - 	at com.sun.javafx.application.PlatformImpl.lambda$runLater$0(PlatformImpl.java:425) - JavaFX Application Thread
2025-09-27 10:24:16,338 [ERROR] in JavaFX Application Thread - 	at com.sun.glass.ui.monocle.RunnableProcessor.runLoop(RunnableProcessor.java:92) - JavaFX Application Thread
2025-09-27 10:24:16,338 [ERROR] in JavaFX Application Thread - 	at com.sun.glass.ui.monocle.RunnableProcessor.run(RunnableProcessor.java:51) - JavaFX Application Thread
2025-09-27 10:24:16,338 [ERROR] in JavaFX Application Thread - 	at java.base/java.lang.Thread.run(Thread.java:1575) - JavaFX Application Thread
2025-09-27 10:24:30,663 [INFO] in AsyncAppender-Worker-ASYNCSTDOUT - [[34mINFO [0;39m] c.j.i.s.JProInitializer$ - Parent process is not alive anymore. Shutting down. - AsyncAppender-Worker-ASYNCSTDOUT
2025-09-27 10:24:30,666 [INFO] in AsyncAppender-Worker-ASYNCSTDOUT - [[34mINFO [0;39m] i.helidon.Main - Shutdown requested by JVM shutting down - AsyncAppender-Worker-ASYNCSTDOUT
2025-09-27 10:24:30,667 [INFO] in AsyncAppender-Worker-ASYNCSTDOUT - [[34mINFO [0;39m] i.h.w.ServerListener - [0x1e118b1f] @default socket closed. - AsyncAppender-Worker-ASYNCSTDOUT
2025-09-27 10:24:30,668 [INFO] in Thread-1 - Deleted pid file: E:\SAVE\JFX\FlyAway\RUNNING_PID - Thread-1
2025-09-27 10:24:30,677 [INFO] in AsyncAppender-Worker-ASYNCSTDOUT - [[34mINFO [0;39m] i.helidon.Main - Shutdown finished - AsyncAppender-Worker-ASYNCSTDOUT
2025-09-27 10:25:52,039 [INFO] in AsyncAppender-Worker-ASYNCSTDOUT - [[34mINFO [0;39m] c.jpro.activity - Starting the server - AsyncAppender-Worker-ASYNCSTDOUT
2025-09-27 10:25:52,039 [INFO] in AsyncAppender-Worker-ASYNCSTDOUT - [[34mINFO [0;39m] c.j.i.s.JProInitializer$ -  *** Starting JPro: https://www.jpro.one/ *** - AsyncAppender-Worker-ASYNCSTDOUT
2025-09-27 10:25:52,039 [INFO] in AsyncAppender-Worker-ASYNCSTDOUT - [[34mINFO [0;39m] c.j.i.s.JProInitializer$ - OS: Windows 11 - AsyncAppender-Worker-ASYNCSTDOUT
2025-09-27 10:25:52,046 [INFO] in AsyncAppender-Worker-ASYNCSTDOUT - [[34mINFO [0;39m] c.j.i.s.JProInitializer$ - JPro: 2025.3.1-SNAPSHOT - AsyncAppender-Worker-ASYNCSTDOUT
2025-09-27 10:25:52,047 [INFO] in AsyncAppender-Worker-ASYNCSTDOUT - [[34mINFO [0;39m] c.j.i.s.JProInitializer$ - JPro buildtime: Sat, 20 Sep 2025 20:03:24 +0800 - AsyncAppender-Worker-ASYNCSTDOUT
2025-09-27 10:25:52,047 [INFO] in AsyncAppender-Worker-ASYNCSTDOUT - [[34mINFO [0;39m] c.j.i.s.JProInitializer$ - Java version: 23-valhalla - AsyncAppender-Worker-ASYNCSTDOUT
2025-09-27 10:25:52,047 [INFO] in AsyncAppender-Worker-ASYNCSTDOUT - [[34mINFO [0;39m] c.j.i.s.JProInitializer$ - JVM: 23-valhalla Oracle Corporation - AsyncAppender-Worker-ASYNCSTDOUT
2025-09-27 10:25:52,070 [INFO] in AsyncAppender-Worker-ASYNCSTDOUT - [[34mINFO [0;39m] c.j.i.s.JProInitializer$ - JavaFX jar: file:/C:/Users/LDS7871/.m2/repository/org/openjfx/javafx-graphics/25.0.2-jpro/javafx-graphics-25.0.2-jpro-win.jar - AsyncAppender-Worker-ASYNCSTDOUT
2025-09-27 10:25:52,073 [INFO] in AsyncAppender-Worker-ASYNCSTDOUT - [[34mINFO [0;39m] c.j.i.s.JProInitializer$ - Configuring logging from url: 'jar:file:/C:/Users/LDS7871/.m2/repository/one/jpro/jpro-server_2.12/2025.3.1-SNAPSHOT/jpro-server_2.12-2025.3.1-SNAPSHOT.jar!/logback-jpro-default.xml' - AsyncAppender-Worker-ASYNCSTDOUT
2025-09-27 10:25:53,026 [INFO] in AsyncAppender-Worker-ASYNCSTDOUT - [[34mINFO [0;39m] c.j.i.s.JProInitializer$ - JavaFX version: 25.0.2-jpro+0 - AsyncAppender-Worker-ASYNCSTDOUT
2025-09-27 10:25:53,127 [INFO] in JavaFX Application Thread - G1 Young Generation - JavaFX Application Thread
2025-09-27 10:25:53,127 [INFO] in JavaFX Application Thread - G1 Concurrent GC - JavaFX Application Thread
2025-09-27 10:25:53,127 [INFO] in JavaFX Application Thread - G1 Old Generation - JavaFX Application Thread
2025-09-27 10:25:53,163 [INFO] in AsyncAppender-Worker-ASYNCSTDOUT - [[34mINFO [0;39m] c.j.i.s.JProInitializer$ - finished init! - AsyncAppender-Worker-ASYNCSTDOUT
2025-09-27 10:25:53,173 [INFO] in AsyncAppender-Worker-ASYNCSTDOUT - [[34mINFO [0;39m] c.j.i.s.JProInitializer$ - [JPro] -> Server started: {start_time: 1758939952025, os_name: Windows 11, jpro_version: 2025.3.1-SNAPSHOT, pid: 22312} - AsyncAppender-Worker-ASYNCSTDOUT
2025-09-27 10:25:53,337 [INFO] in AsyncAppender-Worker-ASYNCSTDOUT - [[34mINFO [0;39m] c.j.i.s.Route$ - Creating routing for JPro server - AsyncAppender-Worker-ASYNCSTDOUT
2025-09-27 10:25:53,427 [INFO] in AsyncAppender-Worker-ASYNCSTDOUT - [[34mINFO [0;39m] i.h.c.f.HelidonFeatures - Helidon SE 4.2.6 features: [Config, Encoding, Media, Metrics, Registry, WebServer, WebSocket] - AsyncAppender-Worker-ASYNCSTDOUT
2025-09-27 10:25:53,437 [INFO] in AsyncAppender-Worker-ASYNCSTDOUT - [[34mINFO [0;39m] i.h.w.ServerListener - [0x10f9e690] http://0.0.0.0:8080 bound for socket '@default' - AsyncAppender-Worker-ASYNCSTDOUT
2025-09-27 10:25:53,440 [ERROR] in Thread-0 - There is no Helidon logging implementation on classpath, skipping log configuration. - Thread-0
2025-09-27 10:25:53,447 [INFO] in AsyncAppender-Worker-ASYNCSTDOUT - [[34mINFO [0;39m] i.h.w.LoomServer - Started all channels in 23 milliseconds. 2320 milliseconds since JVM startup. Java 23-valhalla+1-90 - AsyncAppender-Worker-ASYNCSTDOUT
2025-09-27 10:25:53,448 [INFO] in Thread-0 - Server started at http://localhost:8080 - Thread-0
2025-09-27 10:25:54,212 [INFO] in AsyncAppender-Worker-ASYNCSTDOUT - [[34mINFO [0;39m] c.j.i.s.JProWSEndpoint - application requested: default params: Map() - AsyncAppender-Worker-ASYNCSTDOUT
2025-09-27 10:25:54,213 [INFO] in AsyncAppender-Worker-ASYNCSTDOUT - [[34mINFO [0;39m] c.j.i.s.JProWSEndpoint - Creating Application: default - AsyncAppender-Worker-ASYNCSTDOUT
2025-09-27 10:25:54,213 [INFO] in AsyncAppender-Worker-ASYNCSTDOUT - [[34mINFO [0;39m] c.j.i.s.JProWSEndpoint - remoteAddress unknown - AsyncAppender-Worker-ASYNCSTDOUT
2025-09-27 10:25:54,213 [INFO] in AsyncAppender-Worker-ASYNCSTDOUT - [[34mINFO [0;39m] c.j.i.s.JProWSEndpoint - host           - AsyncAppender-Worker-ASYNCSTDOUT
2025-09-27 10:25:54,215 [INFO] in AsyncAppender-Worker-ASYNCSTDOUT - [[34mINFO [0;39m] c.j.i.s.JProWSEndpoint - uri           /app/ws/default - AsyncAppender-Worker-ASYNCSTDOUT
2025-09-27 10:25:54,229 [INFO] in AsyncAppender-Worker-ASYNCSTDOUT - [[34mINFO [0;39m] c.j.i.s.JProWSEndpoint - Application found. - AsyncAppender-Worker-ASYNCSTDOUT
2025-09-27 10:25:54,243 [INFO] in AsyncAppender-Worker-ASYNCSTDOUT - [[34mINFO [0;39m] c.j.i.s.JProWSEndpoint - Handshake received: JSFILE_ID_REPLACED_BY_PLAY - AsyncAppender-Worker-ASYNCSTDOUT
2025-09-27 10:25:54,405 [ERROR] in JavaFX Application Thread - java.lang.Exception: Can't start com.lds7871.flyaway.A_Contorller.Main@72be428e with JPro. com.lds7871.flyaway.A_Contorller.Main@72be428e does not extend javafx.application.Application - JavaFX Application Thread
2025-09-27 10:25:54,405 [ERROR] in JavaFX Application Thread - 	at com.jpro.internal.config.ApplicationStarter$.$anonfun$startApplication$2(ApplicationStarter.scala:117) - JavaFX Application Thread
2025-09-27 10:25:54,405 [ERROR] in JavaFX Application Thread - 	at simplefx.cores.interfaces.parts.testing.CoreTesting.inFX(CoreTesting.scala:21) - JavaFX Application Thread
2025-09-27 10:25:54,405 [ERROR] in JavaFX Application Thread - 	at simplefx.cores.interfaces.parts.testing.CoreTesting.inFX$(CoreTesting.scala:18) - JavaFX Application Thread
2025-09-27 10:25:54,405 [ERROR] in JavaFX Application Thread - 	at simplefx.cores.standard.Core.inFX(Core.scala:9) - JavaFX Application Thread
2025-09-27 10:25:54,405 [ERROR] in JavaFX Application Thread - 	at com.jpro.internal.config.ApplicationStarter$.startApplication(ApplicationStarter.scala:112) - JavaFX Application Thread
2025-09-27 10:25:54,405 [ERROR] in JavaFX Application Thread - 	at com.jpro.internal.config.ApplicationStarter$.requestApplication(ApplicationStarter.scala:95) - JavaFX Application Thread
2025-09-27 10:25:54,406 [ERROR] in JavaFX Application Thread - 	at com.jpro.internal.config.ApplicationStarter$.getApplication(ApplicationStarter.scala:61) - JavaFX Application Thread
2025-09-27 10:25:54,406 [ERROR] in JavaFX Application Thread - 	at com.jpro.internal.communicator.ViewImpl.<init>(ViewImpl.scala:43) - JavaFX Application Thread
2025-09-27 10:25:54,406 [ERROR] in JavaFX Application Thread - 	at com.jpro.internal.server.ViewByWS.<init>(JProWSEndpoint.scala:245) - JavaFX Application Thread
2025-09-27 10:25:54,406 [ERROR] in JavaFX Application Thread - 	at com.jpro.internal.server.JProWSEndpoint$$anonfun$dispatchMessage$1.$anonfun$applyOrElse$3(JProWSEndpoint.scala:196) - JavaFX Application Thread
2025-09-27 10:25:54,407 [ERROR] in JavaFX Application Thread - 	at scala.runtime.java8.JFunction0$mcV$sp.apply(JFunction0$mcV$sp.java:23) - JavaFX Application Thread
2025-09-27 10:25:54,407 [ERROR] in JavaFX Application Thread - 	at simplefx.cores.standard.parts.CoreTimeEvent$$anon$3.run(CoreTimeEvent.scala:62) - JavaFX Application Thread
2025-09-27 10:25:54,407 [ERROR] in JavaFX Application Thread - 	at com.sun.javafx.application.PlatformImpl.lambda$runLater$0(PlatformImpl.java:425) - JavaFX Application Thread
2025-09-27 10:25:54,407 [ERROR] in JavaFX Application Thread - 	at com.sun.glass.ui.monocle.RunnableProcessor.runLoop(RunnableProcessor.java:92) - JavaFX Application Thread
2025-09-27 10:25:54,407 [ERROR] in JavaFX Application Thread - 	at com.sun.glass.ui.monocle.RunnableProcessor.run(RunnableProcessor.java:51) - JavaFX Application Thread
2025-09-27 10:25:54,407 [ERROR] in JavaFX Application Thread - 	at java.base/java.lang.Thread.run(Thread.java:1575) - JavaFX Application Thread
2025-09-27 10:25:54,407 [ERROR] in JavaFX Application Thread - java.lang.Exception: Can't start com.lds7871.flyaway.A_Contorller.Main@72be428e with JPro. com.lds7871.flyaway.A_Contorller.Main@72be428e does not extend javafx.application.Application - JavaFX Application Thread
2025-09-27 10:25:54,407 [ERROR] in JavaFX Application Thread - 	at com.jpro.internal.config.ApplicationStarter$.$anonfun$startApplication$2(ApplicationStarter.scala:117) - JavaFX Application Thread
2025-09-27 10:25:54,407 [ERROR] in JavaFX Application Thread - 	at simplefx.cores.interfaces.parts.testing.CoreTesting.inFX(CoreTesting.scala:21) - JavaFX Application Thread
2025-09-27 10:25:54,407 [ERROR] in JavaFX Application Thread - 	at simplefx.cores.interfaces.parts.testing.CoreTesting.inFX$(CoreTesting.scala:18) - JavaFX Application Thread
2025-09-27 10:25:54,407 [ERROR] in JavaFX Application Thread - 	at simplefx.cores.standard.Core.inFX(Core.scala:9) - JavaFX Application Thread
2025-09-27 10:25:54,407 [ERROR] in JavaFX Application Thread - 	at com.jpro.internal.config.ApplicationStarter$.startApplication(ApplicationStarter.scala:112) - JavaFX Application Thread
2025-09-27 10:25:54,407 [ERROR] in JavaFX Application Thread - 	at com.jpro.internal.config.ApplicationStarter$.requestApplication(ApplicationStarter.scala:95) - JavaFX Application Thread
2025-09-27 10:25:54,407 [ERROR] in JavaFX Application Thread - 	at com.jpro.internal.config.ApplicationStarter$.getApplication(ApplicationStarter.scala:61) - JavaFX Application Thread
2025-09-27 10:25:54,407 [ERROR] in JavaFX Application Thread - 	at com.jpro.internal.communicator.ViewImpl.<init>(ViewImpl.scala:43) - JavaFX Application Thread
2025-09-27 10:25:54,408 [ERROR] in JavaFX Application Thread - 	at com.jpro.internal.server.ViewByWS.<init>(JProWSEndpoint.scala:245) - JavaFX Application Thread
2025-09-27 10:25:54,408 [ERROR] in JavaFX Application Thread - 	at com.jpro.internal.server.JProWSEndpoint$$anonfun$dispatchMessage$1.$anonfun$applyOrElse$3(JProWSEndpoint.scala:196) - JavaFX Application Thread
2025-09-27 10:25:54,408 [ERROR] in JavaFX Application Thread - 	at scala.runtime.java8.JFunction0$mcV$sp.apply(JFunction0$mcV$sp.java:23) - JavaFX Application Thread
2025-09-27 10:25:54,408 [ERROR] in JavaFX Application Thread - 	at simplefx.cores.standard.parts.CoreTimeEvent$$anon$3.run(CoreTimeEvent.scala:62) - JavaFX Application Thread
2025-09-27 10:25:54,408 [ERROR] in JavaFX Application Thread - 	at com.sun.javafx.application.PlatformImpl.lambda$runLater$0(PlatformImpl.java:425) - JavaFX Application Thread
2025-09-27 10:25:54,408 [ERROR] in JavaFX Application Thread - 	at com.sun.glass.ui.monocle.RunnableProcessor.runLoop(RunnableProcessor.java:92) - JavaFX Application Thread
2025-09-27 10:25:54,408 [ERROR] in JavaFX Application Thread - 	at com.sun.glass.ui.monocle.RunnableProcessor.run(RunnableProcessor.java:51) - JavaFX Application Thread
2025-09-27 10:25:54,408 [ERROR] in JavaFX Application Thread - 	at java.base/java.lang.Thread.run(Thread.java:1575) - JavaFX Application Thread
2025-09-27 10:25:54,408 [ERROR] in JavaFX Application Thread - Exception in thread "JavaFX Application Thread" java.lang.Exception: Can't start com.lds7871.flyaway.A_Contorller.Main@72be428e with JPro. com.lds7871.flyaway.A_Contorller.Main@72be428e does not extend javafx.application.Application - JavaFX Application Thread
2025-09-27 10:25:54,408 [ERROR] in JavaFX Application Thread - 	at com.jpro.internal.config.ApplicationStarter$.$anonfun$startApplication$2(ApplicationStarter.scala:117) - JavaFX Application Thread
2025-09-27 10:25:54,408 [ERROR] in JavaFX Application Thread - 	at simplefx.cores.interfaces.parts.testing.CoreTesting.inFX(CoreTesting.scala:21) - JavaFX Application Thread
2025-09-27 10:25:54,409 [ERROR] in JavaFX Application Thread - 	at simplefx.cores.interfaces.parts.testing.CoreTesting.inFX$(CoreTesting.scala:18) - JavaFX Application Thread
2025-09-27 10:25:54,409 [ERROR] in JavaFX Application Thread - 	at simplefx.cores.standard.Core.inFX(Core.scala:9) - JavaFX Application Thread
2025-09-27 10:25:54,409 [ERROR] in JavaFX Application Thread - 	at com.jpro.internal.config.ApplicationStarter$.startApplication(ApplicationStarter.scala:112) - JavaFX Application Thread
2025-09-27 10:25:54,409 [ERROR] in JavaFX Application Thread - 	at com.jpro.internal.config.ApplicationStarter$.requestApplication(ApplicationStarter.scala:95) - JavaFX Application Thread
2025-09-27 10:25:54,409 [ERROR] in JavaFX Application Thread - 	at com.jpro.internal.config.ApplicationStarter$.getApplication(ApplicationStarter.scala:61) - JavaFX Application Thread
2025-09-27 10:25:54,409 [ERROR] in JavaFX Application Thread - 	at com.jpro.internal.communicator.ViewImpl.<init>(ViewImpl.scala:43) - JavaFX Application Thread
2025-09-27 10:25:54,409 [ERROR] in JavaFX Application Thread - 	at com.jpro.internal.server.ViewByWS.<init>(JProWSEndpoint.scala:245) - JavaFX Application Thread
2025-09-27 10:25:54,409 [ERROR] in JavaFX Application Thread - 	at com.jpro.internal.server.JProWSEndpoint$$anonfun$dispatchMessage$1.$anonfun$applyOrElse$3(JProWSEndpoint.scala:196) - JavaFX Application Thread
2025-09-27 10:25:54,409 [ERROR] in JavaFX Application Thread - 	at scala.runtime.java8.JFunction0$mcV$sp.apply(JFunction0$mcV$sp.java:23) - JavaFX Application Thread
2025-09-27 10:25:54,409 [ERROR] in JavaFX Application Thread - 	at simplefx.cores.standard.parts.CoreTimeEvent$$anon$3.run(CoreTimeEvent.scala:62) - JavaFX Application Thread
2025-09-27 10:25:54,409 [ERROR] in JavaFX Application Thread - 	at com.sun.javafx.application.PlatformImpl.lambda$runLater$0(PlatformImpl.java:425) - JavaFX Application Thread
2025-09-27 10:25:54,409 [ERROR] in JavaFX Application Thread - 	at com.sun.glass.ui.monocle.RunnableProcessor.runLoop(RunnableProcessor.java:92) - JavaFX Application Thread
2025-09-27 10:25:54,410 [ERROR] in JavaFX Application Thread - 	at com.sun.glass.ui.monocle.RunnableProcessor.run(RunnableProcessor.java:51) - JavaFX Application Thread
2025-09-27 10:25:54,410 [ERROR] in JavaFX Application Thread - 	at java.base/java.lang.Thread.run(Thread.java:1575) - JavaFX Application Thread
2025-09-27 10:26:09,811 [INFO] in AsyncAppender-Worker-ASYNCSTDOUT - [[34mINFO [0;39m] c.j.i.s.JProWSEndpoint - Frame received after poison, ignoring - AsyncAppender-Worker-ASYNCSTDOUT
2025-09-27 10:26:09,812 [INFO] in AsyncAppender-Worker-ASYNCSTDOUT - [[34mINFO [0;39m] c.j.i.s.JProWSEndpoint - WebSocket for [default] closed: 1000 – tab-closed - AsyncAppender-Worker-ASYNCSTDOUT
2025-09-27 10:26:59,146 [INFO] in AsyncAppender-Worker-ASYNCSTDOUT - [[34mINFO [0;39m] c.j.i.s.JProInitializer$ - Parent process is not alive anymore. Shutting down. - AsyncAppender-Worker-ASYNCSTDOUT
2025-09-27 10:26:59,150 [INFO] in Thread-1 - Deleted pid file: E:\SAVE\JFX\FlyAway\RUNNING_PID - Thread-1
2025-09-27 10:26:59,151 [INFO] in AsyncAppender-Worker-ASYNCSTDOUT - [[34mINFO [0;39m] i.helidon.Main - Shutdown requested by JVM shutting down - AsyncAppender-Worker-ASYNCSTDOUT
2025-09-27 10:26:59,152 [INFO] in AsyncAppender-Worker-ASYNCSTDOUT - [[34mINFO [0;39m] i.h.w.ServerListener - [0x10f9e690] @default socket closed. - AsyncAppender-Worker-ASYNCSTDOUT
2025-09-27 10:26:59,162 [INFO] in AsyncAppender-Worker-ASYNCSTDOUT - [[34mINFO [0;39m] i.helidon.Main - Shutdown finished - AsyncAppender-Worker-ASYNCSTDOUT
2025-09-27 10:28:38,028 [INFO] in AsyncAppender-Worker-ASYNCSTDOUT - [[34mINFO [0;39m] c.jpro.activity - Starting the server - AsyncAppender-Worker-ASYNCSTDOUT
2025-09-27 10:28:38,028 [INFO] in AsyncAppender-Worker-ASYNCSTDOUT - [[34mINFO [0;39m] c.j.i.s.JProInitializer$ -  *** Starting JPro: https://www.jpro.one/ *** - AsyncAppender-Worker-ASYNCSTDOUT
2025-09-27 10:28:38,029 [INFO] in AsyncAppender-Worker-ASYNCSTDOUT - [[34mINFO [0;39m] c.j.i.s.JProInitializer$ - OS: Windows 11 - AsyncAppender-Worker-ASYNCSTDOUT
2025-09-27 10:28:38,035 [INFO] in AsyncAppender-Worker-ASYNCSTDOUT - [[34mINFO [0;39m] c.j.i.s.JProInitializer$ - JPro: 2025.3.1-SNAPSHOT - AsyncAppender-Worker-ASYNCSTDOUT
2025-09-27 10:28:38,038 [INFO] in AsyncAppender-Worker-ASYNCSTDOUT - [[34mINFO [0;39m] c.j.i.s.JProInitializer$ - JPro buildtime: Sat, 20 Sep 2025 20:03:24 +0800 - AsyncAppender-Worker-ASYNCSTDOUT
2025-09-27 10:28:38,038 [INFO] in AsyncAppender-Worker-ASYNCSTDOUT - [[34mINFO [0;39m] c.j.i.s.JProInitializer$ - Java version: 23-valhalla - AsyncAppender-Worker-ASYNCSTDOUT
2025-09-27 10:28:38,038 [INFO] in AsyncAppender-Worker-ASYNCSTDOUT - [[34mINFO [0;39m] c.j.i.s.JProInitializer$ - JVM: 23-valhalla Oracle Corporation - AsyncAppender-Worker-ASYNCSTDOUT
2025-09-27 10:28:38,038 [INFO] in AsyncAppender-Worker-ASYNCSTDOUT - [[34mINFO [0;39m] c.j.i.s.JProInitializer$ - JavaFX jar: file:/C:/Users/LDS7871/.m2/repository/org/openjfx/javafx-graphics/25.0.2-jpro/javafx-graphics-25.0.2-jpro-win.jar - AsyncAppender-Worker-ASYNCSTDOUT
2025-09-27 10:28:38,041 [INFO] in AsyncAppender-Worker-ASYNCSTDOUT - [[34mINFO [0;39m] c.j.i.s.JProInitializer$ - Configuring logging from url: 'jar:file:/C:/Users/LDS7871/.m2/repository/one/jpro/jpro-server_2.12/2025.3.1-SNAPSHOT/jpro-server_2.12-2025.3.1-SNAPSHOT.jar!/logback-jpro-default.xml' - AsyncAppender-Worker-ASYNCSTDOUT
2025-09-27 10:28:38,862 [INFO] in AsyncAppender-Worker-ASYNCSTDOUT - [[34mINFO [0;39m] c.j.i.s.JProInitializer$ - JavaFX version: 25.0.2-jpro+0 - AsyncAppender-Worker-ASYNCSTDOUT
2025-09-27 10:28:38,941 [INFO] in JavaFX Application Thread - G1 Young Generation - JavaFX Application Thread
2025-09-27 10:28:38,942 [INFO] in JavaFX Application Thread - G1 Concurrent GC - JavaFX Application Thread
2025-09-27 10:28:38,942 [INFO] in JavaFX Application Thread - G1 Old Generation - JavaFX Application Thread
2025-09-27 10:28:38,966 [INFO] in AsyncAppender-Worker-ASYNCSTDOUT - [[34mINFO [0;39m] c.j.i.s.JProInitializer$ - finished init! - AsyncAppender-Worker-ASYNCSTDOUT
2025-09-27 10:28:38,974 [INFO] in AsyncAppender-Worker-ASYNCSTDOUT - [[34mINFO [0;39m] c.j.i.s.JProInitializer$ - [JPro] -> Server started: {start_time: 1758940118022, os_name: Windows 11, jpro_version: 2025.3.1-SNAPSHOT, pid: 22292} - AsyncAppender-Worker-ASYNCSTDOUT
2025-09-27 10:28:39,087 [INFO] in AsyncAppender-Worker-ASYNCSTDOUT - [[34mINFO [0;39m] c.j.i.s.Route$ - Creating routing for JPro server - AsyncAppender-Worker-ASYNCSTDOUT
2025-09-27 10:28:39,162 [INFO] in AsyncAppender-Worker-ASYNCSTDOUT - [[34mINFO [0;39m] i.h.c.f.HelidonFeatures - Helidon SE 4.2.6 features: [Config, Encoding, Media, Metrics, Registry, WebServer, WebSocket] - AsyncAppender-Worker-ASYNCSTDOUT
2025-09-27 10:28:39,168 [INFO] in AsyncAppender-Worker-ASYNCSTDOUT - [[34mINFO [0;39m] i.h.w.ServerListener - [0x7def1a76] http://0.0.0.0:8080 bound for socket '@default' - AsyncAppender-Worker-ASYNCSTDOUT
2025-09-27 10:28:39,170 [ERROR] in Thread-0 - There is no Helidon logging implementation on classpath, skipping log configuration. - Thread-0
2025-09-27 10:28:39,174 [INFO] in AsyncAppender-Worker-ASYNCSTDOUT - [[34mINFO [0;39m] i.h.w.LoomServer - Started all channels in 16 milliseconds. 2106 milliseconds since JVM startup. Java 23-valhalla+1-90 - AsyncAppender-Worker-ASYNCSTDOUT
2025-09-27 10:28:39,175 [INFO] in Thread-0 - Server started at http://localhost:8080 - Thread-0
2025-09-27 10:28:39,887 [INFO] in AsyncAppender-Worker-ASYNCSTDOUT - [[34mINFO [0;39m] c.j.i.s.JProWSEndpoint - application requested: default params: Map() - AsyncAppender-Worker-ASYNCSTDOUT
2025-09-27 10:28:39,890 [INFO] in AsyncAppender-Worker-ASYNCSTDOUT - [[34mINFO [0;39m] c.j.i.s.JProWSEndpoint - Creating Application: default - AsyncAppender-Worker-ASYNCSTDOUT
2025-09-27 10:28:39,890 [INFO] in AsyncAppender-Worker-ASYNCSTDOUT - [[34mINFO [0;39m] c.j.i.s.JProWSEndpoint - remoteAddress unknown - AsyncAppender-Worker-ASYNCSTDOUT
2025-09-27 10:28:39,890 [INFO] in AsyncAppender-Worker-ASYNCSTDOUT - [[34mINFO [0;39m] c.j.i.s.JProWSEndpoint - host           - AsyncAppender-Worker-ASYNCSTDOUT
2025-09-27 10:28:39,890 [INFO] in AsyncAppender-Worker-ASYNCSTDOUT - [[34mINFO [0;39m] c.j.i.s.JProWSEndpoint - uri           /app/ws/default - AsyncAppender-Worker-ASYNCSTDOUT
2025-09-27 10:28:39,904 [INFO] in AsyncAppender-Worker-ASYNCSTDOUT - [[34mINFO [0;39m] c.j.i.s.JProWSEndpoint - Application found. - AsyncAppender-Worker-ASYNCSTDOUT
2025-09-27 10:28:39,913 [INFO] in AsyncAppender-Worker-ASYNCSTDOUT - [[34mINFO [0;39m] c.j.i.s.JProWSEndpoint - Handshake received: JSFILE_ID_REPLACED_BY_PLAY - AsyncAppender-Worker-ASYNCSTDOUT
2025-09-27 10:28:40,176 [ERROR] in JavaFX Application Thread - java.lang.Exception: Can't start com.lds7871.flyaway.A_Contorller.Main@6670e9b6 with JPro. com.lds7871.flyaway.A_Contorller.Main@6670e9b6 does not extend javafx.application.Application - JavaFX Application Thread
2025-09-27 10:28:40,176 [ERROR] in JavaFX Application Thread - 	at com.jpro.internal.config.ApplicationStarter$.$anonfun$startApplication$2(ApplicationStarter.scala:117) - JavaFX Application Thread
2025-09-27 10:28:40,177 [ERROR] in JavaFX Application Thread - 	at simplefx.cores.interfaces.parts.testing.CoreTesting.inFX(CoreTesting.scala:21) - JavaFX Application Thread
2025-09-27 10:28:40,177 [ERROR] in JavaFX Application Thread - 	at simplefx.cores.interfaces.parts.testing.CoreTesting.inFX$(CoreTesting.scala:18) - JavaFX Application Thread
2025-09-27 10:28:40,177 [ERROR] in JavaFX Application Thread - 	at simplefx.cores.standard.Core.inFX(Core.scala:9) - JavaFX Application Thread
2025-09-27 10:28:40,177 [ERROR] in JavaFX Application Thread - 	at com.jpro.internal.config.ApplicationStarter$.startApplication(ApplicationStarter.scala:112) - JavaFX Application Thread
2025-09-27 10:28:40,177 [ERROR] in JavaFX Application Thread - 	at com.jpro.internal.config.ApplicationStarter$.requestApplication(ApplicationStarter.scala:95) - JavaFX Application Thread
2025-09-27 10:28:40,177 [ERROR] in JavaFX Application Thread - 	at com.jpro.internal.config.ApplicationStarter$.getApplication(ApplicationStarter.scala:61) - JavaFX Application Thread
2025-09-27 10:28:40,177 [ERROR] in JavaFX Application Thread - 	at com.jpro.internal.communicator.ViewImpl.<init>(ViewImpl.scala:43) - JavaFX Application Thread
2025-09-27 10:28:40,178 [ERROR] in JavaFX Application Thread - 	at com.jpro.internal.server.ViewByWS.<init>(JProWSEndpoint.scala:245) - JavaFX Application Thread
2025-09-27 10:28:40,178 [ERROR] in JavaFX Application Thread - 	at com.jpro.internal.server.JProWSEndpoint$$anonfun$dispatchMessage$1.$anonfun$applyOrElse$3(JProWSEndpoint.scala:196) - JavaFX Application Thread
2025-09-27 10:28:40,178 [ERROR] in JavaFX Application Thread - 	at scala.runtime.java8.JFunction0$mcV$sp.apply(JFunction0$mcV$sp.java:23) - JavaFX Application Thread
2025-09-27 10:28:40,178 [ERROR] in JavaFX Application Thread - 	at simplefx.cores.standard.parts.CoreTimeEvent$$anon$3.run(CoreTimeEvent.scala:62) - JavaFX Application Thread
2025-09-27 10:28:40,178 [ERROR] in JavaFX Application Thread - 	at com.sun.javafx.application.PlatformImpl.lambda$runLater$0(PlatformImpl.java:425) - JavaFX Application Thread
2025-09-27 10:28:40,178 [ERROR] in JavaFX Application Thread - 	at com.sun.glass.ui.monocle.RunnableProcessor.runLoop(RunnableProcessor.java:92) - JavaFX Application Thread
2025-09-27 10:28:40,178 [ERROR] in JavaFX Application Thread - 	at com.sun.glass.ui.monocle.RunnableProcessor.run(RunnableProcessor.java:51) - JavaFX Application Thread
2025-09-27 10:28:40,178 [ERROR] in JavaFX Application Thread - 	at java.base/java.lang.Thread.run(Thread.java:1575) - JavaFX Application Thread
2025-09-27 10:28:40,178 [ERROR] in JavaFX Application Thread - java.lang.Exception: Can't start com.lds7871.flyaway.A_Contorller.Main@6670e9b6 with JPro. com.lds7871.flyaway.A_Contorller.Main@6670e9b6 does not extend javafx.application.Application - JavaFX Application Thread
2025-09-27 10:28:40,178 [ERROR] in JavaFX Application Thread - 	at com.jpro.internal.config.ApplicationStarter$.$anonfun$startApplication$2(ApplicationStarter.scala:117) - JavaFX Application Thread
2025-09-27 10:28:40,178 [ERROR] in JavaFX Application Thread - 	at simplefx.cores.interfaces.parts.testing.CoreTesting.inFX(CoreTesting.scala:21) - JavaFX Application Thread
2025-09-27 10:28:40,178 [ERROR] in JavaFX Application Thread - 	at simplefx.cores.interfaces.parts.testing.CoreTesting.inFX$(CoreTesting.scala:18) - JavaFX Application Thread
2025-09-27 10:28:40,178 [ERROR] in JavaFX Application Thread - 	at simplefx.cores.standard.Core.inFX(Core.scala:9) - JavaFX Application Thread
2025-09-27 10:28:40,178 [ERROR] in JavaFX Application Thread - 	at com.jpro.internal.config.ApplicationStarter$.startApplication(ApplicationStarter.scala:112) - JavaFX Application Thread
2025-09-27 10:28:40,179 [ERROR] in JavaFX Application Thread - 	at com.jpro.internal.config.ApplicationStarter$.requestApplication(ApplicationStarter.scala:95) - JavaFX Application Thread
2025-09-27 10:28:40,179 [ERROR] in JavaFX Application Thread - 	at com.jpro.internal.config.ApplicationStarter$.getApplication(ApplicationStarter.scala:61) - JavaFX Application Thread
2025-09-27 10:28:40,179 [ERROR] in JavaFX Application Thread - 	at com.jpro.internal.communicator.ViewImpl.<init>(ViewImpl.scala:43) - JavaFX Application Thread
2025-09-27 10:28:40,179 [ERROR] in JavaFX Application Thread - 	at com.jpro.internal.server.ViewByWS.<init>(JProWSEndpoint.scala:245) - JavaFX Application Thread
2025-09-27 10:28:40,179 [ERROR] in JavaFX Application Thread - 	at com.jpro.internal.server.JProWSEndpoint$$anonfun$dispatchMessage$1.$anonfun$applyOrElse$3(JProWSEndpoint.scala:196) - JavaFX Application Thread
2025-09-27 10:28:40,179 [ERROR] in JavaFX Application Thread - 	at scala.runtime.java8.JFunction0$mcV$sp.apply(JFunction0$mcV$sp.java:23) - JavaFX Application Thread
2025-09-27 10:28:40,179 [ERROR] in JavaFX Application Thread - 	at simplefx.cores.standard.parts.CoreTimeEvent$$anon$3.run(CoreTimeEvent.scala:62) - JavaFX Application Thread
2025-09-27 10:28:40,179 [ERROR] in JavaFX Application Thread - 	at com.sun.javafx.application.PlatformImpl.lambda$runLater$0(PlatformImpl.java:425) - JavaFX Application Thread
2025-09-27 10:28:40,180 [ERROR] in JavaFX Application Thread - 	at com.sun.glass.ui.monocle.RunnableProcessor.runLoop(RunnableProcessor.java:92) - JavaFX Application Thread
2025-09-27 10:28:40,180 [ERROR] in JavaFX Application Thread - 	at com.sun.glass.ui.monocle.RunnableProcessor.run(RunnableProcessor.java:51) - JavaFX Application Thread
2025-09-27 10:28:40,180 [ERROR] in JavaFX Application Thread - 	at java.base/java.lang.Thread.run(Thread.java:1575) - JavaFX Application Thread
2025-09-27 10:28:40,180 [ERROR] in JavaFX Application Thread - Exception in thread "JavaFX Application Thread" java.lang.Exception: Can't start com.lds7871.flyaway.A_Contorller.Main@6670e9b6 with JPro. com.lds7871.flyaway.A_Contorller.Main@6670e9b6 does not extend javafx.application.Application - JavaFX Application Thread
2025-09-27 10:28:40,180 [ERROR] in JavaFX Application Thread - 	at com.jpro.internal.config.ApplicationStarter$.$anonfun$startApplication$2(ApplicationStarter.scala:117) - JavaFX Application Thread
2025-09-27 10:28:40,180 [ERROR] in JavaFX Application Thread - 	at simplefx.cores.interfaces.parts.testing.CoreTesting.inFX(CoreTesting.scala:21) - JavaFX Application Thread
2025-09-27 10:28:40,180 [ERROR] in JavaFX Application Thread - 	at simplefx.cores.interfaces.parts.testing.CoreTesting.inFX$(CoreTesting.scala:18) - JavaFX Application Thread
2025-09-27 10:28:40,180 [ERROR] in JavaFX Application Thread - 	at simplefx.cores.standard.Core.inFX(Core.scala:9) - JavaFX Application Thread
2025-09-27 10:28:40,180 [ERROR] in JavaFX Application Thread - 	at com.jpro.internal.config.ApplicationStarter$.startApplication(ApplicationStarter.scala:112) - JavaFX Application Thread
2025-09-27 10:28:40,180 [ERROR] in JavaFX Application Thread - 	at com.jpro.internal.config.ApplicationStarter$.requestApplication(ApplicationStarter.scala:95) - JavaFX Application Thread
2025-09-27 10:28:40,180 [ERROR] in JavaFX Application Thread - 	at com.jpro.internal.config.ApplicationStarter$.getApplication(ApplicationStarter.scala:61) - JavaFX Application Thread
2025-09-27 10:28:40,180 [ERROR] in JavaFX Application Thread - 	at com.jpro.internal.communicator.ViewImpl.<init>(ViewImpl.scala:43) - JavaFX Application Thread
2025-09-27 10:28:40,180 [ERROR] in JavaFX Application Thread - 	at com.jpro.internal.server.ViewByWS.<init>(JProWSEndpoint.scala:245) - JavaFX Application Thread
2025-09-27 10:28:40,181 [ERROR] in JavaFX Application Thread - 	at com.jpro.internal.server.JProWSEndpoint$$anonfun$dispatchMessage$1.$anonfun$applyOrElse$3(JProWSEndpoint.scala:196) - JavaFX Application Thread
2025-09-27 10:28:40,181 [ERROR] in JavaFX Application Thread - 	at scala.runtime.java8.JFunction0$mcV$sp.apply(JFunction0$mcV$sp.java:23) - JavaFX Application Thread
2025-09-27 10:28:40,181 [ERROR] in JavaFX Application Thread - 	at simplefx.cores.standard.parts.CoreTimeEvent$$anon$3.run(CoreTimeEvent.scala:62) - JavaFX Application Thread
2025-09-27 10:28:40,181 [ERROR] in JavaFX Application Thread - 	at com.sun.javafx.application.PlatformImpl.lambda$runLater$0(PlatformImpl.java:425) - JavaFX Application Thread
2025-09-27 10:28:40,181 [ERROR] in JavaFX Application Thread - 	at com.sun.glass.ui.monocle.RunnableProcessor.runLoop(RunnableProcessor.java:92) - JavaFX Application Thread
2025-09-27 10:28:40,181 [ERROR] in JavaFX Application Thread - 	at com.sun.glass.ui.monocle.RunnableProcessor.run(RunnableProcessor.java:51) - JavaFX Application Thread
2025-09-27 10:28:40,181 [ERROR] in JavaFX Application Thread - 	at java.base/java.lang.Thread.run(Thread.java:1575) - JavaFX Application Thread
2025-09-27 10:28:42,071 [INFO] in AsyncAppender-Worker-ASYNCSTDOUT - [[34mINFO [0;39m] c.j.i.s.JProWSEndpoint - Frame received after poison, ignoring - AsyncAppender-Worker-ASYNCSTDOUT
2025-09-27 10:28:42,071 [INFO] in AsyncAppender-Worker-ASYNCSTDOUT - [[34mINFO [0;39m] c.j.i.s.JProWSEndpoint - WebSocket for [default] closed: 1000 – tab-closed - AsyncAppender-Worker-ASYNCSTDOUT
2025-09-27 10:31:21,632 [INFO] in AsyncAppender-Worker-ASYNCSTDOUT - [[34mINFO [0;39m] c.jpro.activity - Starting the server - AsyncAppender-Worker-ASYNCSTDOUT
2025-09-27 10:31:21,632 [INFO] in AsyncAppender-Worker-ASYNCSTDOUT - [[34mINFO [0;39m] c.j.i.s.JProInitializer$ -  *** Starting JPro: https://www.jpro.one/ *** - AsyncAppender-Worker-ASYNCSTDOUT
2025-09-27 10:31:21,632 [INFO] in AsyncAppender-Worker-ASYNCSTDOUT - [[34mINFO [0;39m] c.j.i.s.JProInitializer$ - OS: Windows 11 - AsyncAppender-Worker-ASYNCSTDOUT
2025-09-27 10:31:21,636 [INFO] in AsyncAppender-Worker-ASYNCSTDOUT - [[34mINFO [0;39m] c.j.i.s.JProInitializer$ - JPro: 2025.3.1-SNAPSHOT - AsyncAppender-Worker-ASYNCSTDOUT
2025-09-27 10:31:21,637 [INFO] in AsyncAppender-Worker-ASYNCSTDOUT - [[34mINFO [0;39m] c.j.i.s.JProInitializer$ - JPro buildtime: Sat, 20 Sep 2025 20:03:24 +0800 - AsyncAppender-Worker-ASYNCSTDOUT
2025-09-27 10:31:21,637 [INFO] in AsyncAppender-Worker-ASYNCSTDOUT - [[34mINFO [0;39m] c.j.i.s.JProInitializer$ - Java version: 23-valhalla - AsyncAppender-Worker-ASYNCSTDOUT
2025-09-27 10:31:21,637 [INFO] in AsyncAppender-Worker-ASYNCSTDOUT - [[34mINFO [0;39m] c.j.i.s.JProInitializer$ - JVM: 23-valhalla Oracle Corporation - AsyncAppender-Worker-ASYNCSTDOUT
2025-09-27 10:31:21,639 [INFO] in AsyncAppender-Worker-ASYNCSTDOUT - [[34mINFO [0;39m] c.j.i.s.JProInitializer$ - JavaFX jar: file:/C:/Users/LDS7871/.m2/repository/org/openjfx/javafx-graphics/25.0.2-jpro/javafx-graphics-25.0.2-jpro-win.jar - AsyncAppender-Worker-ASYNCSTDOUT
2025-09-27 10:31:21,641 [INFO] in AsyncAppender-Worker-ASYNCSTDOUT - [[34mINFO [0;39m] c.j.i.s.JProInitializer$ - Configuring logging from url: 'jar:file:/C:/Users/LDS7871/.m2/repository/one/jpro/jpro-server_2.12/2025.3.1-SNAPSHOT/jpro-server_2.12-2025.3.1-SNAPSHOT.jar!/logback-jpro-default.xml' - AsyncAppender-Worker-ASYNCSTDOUT
2025-09-27 10:31:22,389 [INFO] in AsyncAppender-Worker-ASYNCSTDOUT - [[34mINFO [0;39m] c.j.i.s.JProInitializer$ - JavaFX version: 25.0.2-jpro+0 - AsyncAppender-Worker-ASYNCSTDOUT
2025-09-27 10:31:22,454 [INFO] in JavaFX Application Thread - G1 Young Generation - JavaFX Application Thread
2025-09-27 10:31:22,454 [INFO] in JavaFX Application Thread - G1 Concurrent GC - JavaFX Application Thread
2025-09-27 10:31:22,454 [INFO] in JavaFX Application Thread - G1 Old Generation - JavaFX Application Thread
2025-09-27 10:31:22,488 [INFO] in AsyncAppender-Worker-ASYNCSTDOUT - [[34mINFO [0;39m] c.j.i.s.JProInitializer$ - finished init! - AsyncAppender-Worker-ASYNCSTDOUT
2025-09-27 10:31:22,493 [INFO] in AsyncAppender-Worker-ASYNCSTDOUT - [[34mINFO [0;39m] c.j.i.s.JProInitializer$ - [JPro] -> Server started: {start_time: 1758940281623, os_name: Windows 11, jpro_version: 2025.3.1-SNAPSHOT, pid: 23660} - AsyncAppender-Worker-ASYNCSTDOUT
2025-09-27 10:31:22,607 [INFO] in AsyncAppender-Worker-ASYNCSTDOUT - [[34mINFO [0;39m] c.j.i.s.Route$ - Creating routing for JPro server - AsyncAppender-Worker-ASYNCSTDOUT
2025-09-27 10:31:22,673 [INFO] in AsyncAppender-Worker-ASYNCSTDOUT - [[34mINFO [0;39m] i.h.c.f.HelidonFeatures - Helidon SE 4.2.6 features: [Config, Encoding, Media, Metrics, Registry, WebServer, WebSocket] - AsyncAppender-Worker-ASYNCSTDOUT
2025-09-27 10:31:22,679 [INFO] in AsyncAppender-Worker-ASYNCSTDOUT - [[34mINFO [0;39m] i.h.w.ServerListener - [0x10f9e690] http://0.0.0.0:8080 bound for socket '@default' - AsyncAppender-Worker-ASYNCSTDOUT
2025-09-27 10:31:22,681 [ERROR] in Thread-0 - There is no Helidon logging implementation on classpath, skipping log configuration. - Thread-0
2025-09-27 10:31:22,685 [INFO] in AsyncAppender-Worker-ASYNCSTDOUT - [[34mINFO [0;39m] i.h.w.LoomServer - Started all channels in 15 milliseconds. 1963 milliseconds since JVM startup. Java 23-valhalla+1-90 - AsyncAppender-Worker-ASYNCSTDOUT
2025-09-27 10:31:22,686 [INFO] in Thread-0 - Server started at http://localhost:8080 - Thread-0
2025-09-27 10:31:23,453 [INFO] in AsyncAppender-Worker-ASYNCSTDOUT - [[34mINFO [0;39m] c.j.i.s.JProWSEndpoint - application requested: default params: Map() - AsyncAppender-Worker-ASYNCSTDOUT
2025-09-27 10:31:23,455 [INFO] in AsyncAppender-Worker-ASYNCSTDOUT - [[34mINFO [0;39m] c.j.i.s.JProWSEndpoint - Creating Application: default - AsyncAppender-Worker-ASYNCSTDOUT
2025-09-27 10:31:23,455 [INFO] in AsyncAppender-Worker-ASYNCSTDOUT - [[34mINFO [0;39m] c.j.i.s.JProWSEndpoint - remoteAddress unknown - AsyncAppender-Worker-ASYNCSTDOUT
2025-09-27 10:31:23,456 [INFO] in AsyncAppender-Worker-ASYNCSTDOUT - [[34mINFO [0;39m] c.j.i.s.JProWSEndpoint - host           - AsyncAppender-Worker-ASYNCSTDOUT
2025-09-27 10:31:23,456 [INFO] in AsyncAppender-Worker-ASYNCSTDOUT - [[34mINFO [0;39m] c.j.i.s.JProWSEndpoint - uri           /app/ws/default - AsyncAppender-Worker-ASYNCSTDOUT
2025-09-27 10:31:23,469 [INFO] in AsyncAppender-Worker-ASYNCSTDOUT - [[34mINFO [0;39m] c.j.i.s.JProWSEndpoint - Application found. - AsyncAppender-Worker-ASYNCSTDOUT
2025-09-27 10:31:23,478 [INFO] in AsyncAppender-Worker-ASYNCSTDOUT - [[34mINFO [0;39m] c.j.i.s.JProWSEndpoint - Handshake received: JSFILE_ID_REPLACED_BY_PLAY - AsyncAppender-Worker-ASYNCSTDOUT
2025-09-27 10:31:23,650 [ERROR] in JavaFX Application Thread - java.lang.ClassNotFoundException: com.lds7871.C_LGUI.ConfigReader - JavaFX Application Thread
2025-09-27 10:31:23,650 [ERROR] in JavaFX Application Thread - 	at java.base/jdk.internal.loader.BuiltinClassLoader.loadClass(BuiltinClassLoader.java:641) - JavaFX Application Thread
2025-09-27 10:31:23,650 [ERROR] in JavaFX Application Thread - 	at java.base/jdk.internal.loader.ClassLoaders$AppClassLoader.loadClass(ClassLoaders.java:188) - JavaFX Application Thread
2025-09-27 10:31:23,650 [ERROR] in JavaFX Application Thread - 	at java.base/java.lang.ClassLoader.loadClass(ClassLoader.java:528) - JavaFX Application Thread
2025-09-27 10:31:23,650 [ERROR] in JavaFX Application Thread - 	at simplefx.util.ReflectionUtil.loadClass(ReflectionUtil.scala:38) - JavaFX Application Thread
2025-09-27 10:31:23,650 [ERROR] in JavaFX Application Thread - 	at simplefx.util.ReflectionUtil.callNew(ReflectionUtil.scala:103) - JavaFX Application Thread
2025-09-27 10:31:23,653 [ERROR] in JavaFX Application Thread - 	at com.jpro.internal.config.ApplicationStarter$.startApplication(ApplicationStarter.scala:109) - JavaFX Application Thread
2025-09-27 10:31:23,653 [ERROR] in JavaFX Application Thread - 	at com.jpro.internal.config.ApplicationStarter$.requestApplication(ApplicationStarter.scala:95) - JavaFX Application Thread
2025-09-27 10:31:23,653 [ERROR] in JavaFX Application Thread - 	at com.jpro.internal.config.ApplicationStarter$.getApplication(ApplicationStarter.scala:61) - JavaFX Application Thread
2025-09-27 10:31:23,653 [ERROR] in JavaFX Application Thread - 	at com.jpro.internal.communicator.ViewImpl.<init>(ViewImpl.scala:43) - JavaFX Application Thread
2025-09-27 10:31:23,653 [ERROR] in JavaFX Application Thread - 	at com.jpro.internal.server.ViewByWS.<init>(JProWSEndpoint.scala:245) - JavaFX Application Thread
2025-09-27 10:31:23,653 [ERROR] in JavaFX Application Thread - 	at com.jpro.internal.server.JProWSEndpoint$$anonfun$dispatchMessage$1.$anonfun$applyOrElse$3(JProWSEndpoint.scala:196) - JavaFX Application Thread
2025-09-27 10:31:23,653 [ERROR] in JavaFX Application Thread - 	at scala.runtime.java8.JFunction0$mcV$sp.apply(JFunction0$mcV$sp.java:23) - JavaFX Application Thread
2025-09-27 10:31:23,653 [ERROR] in JavaFX Application Thread - 	at simplefx.cores.standard.parts.CoreTimeEvent$$anon$3.run(CoreTimeEvent.scala:62) - JavaFX Application Thread
2025-09-27 10:31:23,653 [ERROR] in JavaFX Application Thread - 	at com.sun.javafx.application.PlatformImpl.lambda$runLater$0(PlatformImpl.java:425) - JavaFX Application Thread
2025-09-27 10:31:23,653 [ERROR] in JavaFX Application Thread - 	at com.sun.glass.ui.monocle.RunnableProcessor.runLoop(RunnableProcessor.java:92) - JavaFX Application Thread
2025-09-27 10:31:23,653 [ERROR] in JavaFX Application Thread - 	at com.sun.glass.ui.monocle.RunnableProcessor.run(RunnableProcessor.java:51) - JavaFX Application Thread
2025-09-27 10:31:23,654 [ERROR] in JavaFX Application Thread - 	at java.base/java.lang.Thread.run(Thread.java:1575) - JavaFX Application Thread
2025-09-27 10:31:23,654 [ERROR] in JavaFX Application Thread - Exception in thread "JavaFX Application Thread" java.lang.ClassNotFoundException: com.lds7871.C_LGUI.ConfigReader - JavaFX Application Thread
2025-09-27 10:31:23,654 [ERROR] in JavaFX Application Thread - 	at java.base/jdk.internal.loader.BuiltinClassLoader.loadClass(BuiltinClassLoader.java:641) - JavaFX Application Thread
2025-09-27 10:31:23,654 [ERROR] in JavaFX Application Thread - 	at java.base/jdk.internal.loader.ClassLoaders$AppClassLoader.loadClass(ClassLoaders.java:188) - JavaFX Application Thread
2025-09-27 10:31:23,654 [ERROR] in JavaFX Application Thread - 	at java.base/java.lang.ClassLoader.loadClass(ClassLoader.java:528) - JavaFX Application Thread
2025-09-27 10:31:23,654 [ERROR] in JavaFX Application Thread - 	at simplefx.util.ReflectionUtil.loadClass(ReflectionUtil.scala:38) - JavaFX Application Thread
2025-09-27 10:31:23,654 [ERROR] in JavaFX Application Thread - 	at simplefx.util.ReflectionUtil.callNew(ReflectionUtil.scala:103) - JavaFX Application Thread
2025-09-27 10:31:23,654 [ERROR] in JavaFX Application Thread - 	at com.jpro.internal.config.ApplicationStarter$.startApplication(ApplicationStarter.scala:109) - JavaFX Application Thread
2025-09-27 10:31:23,654 [ERROR] in JavaFX Application Thread - 	at com.jpro.internal.config.ApplicationStarter$.requestApplication(ApplicationStarter.scala:95) - JavaFX Application Thread
2025-09-27 10:31:23,654 [ERROR] in JavaFX Application Thread - 	at com.jpro.internal.config.ApplicationStarter$.getApplication(ApplicationStarter.scala:61) - JavaFX Application Thread
2025-09-27 10:31:23,654 [ERROR] in JavaFX Application Thread - 	at com.jpro.internal.communicator.ViewImpl.<init>(ViewImpl.scala:43) - JavaFX Application Thread
2025-09-27 10:31:23,654 [ERROR] in JavaFX Application Thread - 	at com.jpro.internal.server.ViewByWS.<init>(JProWSEndpoint.scala:245) - JavaFX Application Thread
2025-09-27 10:31:23,654 [ERROR] in JavaFX Application Thread - 	at com.jpro.internal.server.JProWSEndpoint$$anonfun$dispatchMessage$1.$anonfun$applyOrElse$3(JProWSEndpoint.scala:196) - JavaFX Application Thread
2025-09-27 10:31:23,654 [ERROR] in JavaFX Application Thread - 	at scala.runtime.java8.JFunction0$mcV$sp.apply(JFunction0$mcV$sp.java:23) - JavaFX Application Thread
2025-09-27 10:31:23,654 [ERROR] in JavaFX Application Thread - 	at simplefx.cores.standard.parts.CoreTimeEvent$$anon$3.run(CoreTimeEvent.scala:62) - JavaFX Application Thread
2025-09-27 10:31:23,654 [ERROR] in JavaFX Application Thread - 	at com.sun.javafx.application.PlatformImpl.lambda$runLater$0(PlatformImpl.java:425) - JavaFX Application Thread
2025-09-27 10:31:23,655 [ERROR] in JavaFX Application Thread - 	at com.sun.glass.ui.monocle.RunnableProcessor.runLoop(RunnableProcessor.java:92) - JavaFX Application Thread
2025-09-27 10:31:23,655 [ERROR] in JavaFX Application Thread - 	at com.sun.glass.ui.monocle.RunnableProcessor.run(RunnableProcessor.java:51) - JavaFX Application Thread
2025-09-27 10:31:23,655 [ERROR] in JavaFX Application Thread - 	at java.base/java.lang.Thread.run(Thread.java:1575) - JavaFX Application Thread
2025-09-27 10:31:32,765 [INFO] in AsyncAppender-Worker-ASYNCSTDOUT - [[34mINFO [0;39m] c.j.i.s.JProWSEndpoint - Frame received after poison, ignoring - AsyncAppender-Worker-ASYNCSTDOUT
2025-09-27 10:31:32,766 [INFO] in AsyncAppender-Worker-ASYNCSTDOUT - [[34mINFO [0;39m] c.j.i.s.JProWSEndpoint - WebSocket for [default] closed: 1000 – tab-closed - AsyncAppender-Worker-ASYNCSTDOUT
2025-09-27 10:35:12,784 [INFO] in AsyncAppender-Worker-ASYNCSTDOUT - [[34mINFO [0;39m] c.jpro.activity - Starting the server - AsyncAppender-Worker-ASYNCSTDOUT
2025-09-27 10:35:12,784 [INFO] in AsyncAppender-Worker-ASYNCSTDOUT - [[34mINFO [0;39m] c.j.i.s.JProInitializer$ -  *** Starting JPro: https://www.jpro.one/ *** - AsyncAppender-Worker-ASYNCSTDOUT
2025-09-27 10:35:12,784 [INFO] in AsyncAppender-Worker-ASYNCSTDOUT - [[34mINFO [0;39m] c.j.i.s.JProInitializer$ - OS: Windows 11 - AsyncAppender-Worker-ASYNCSTDOUT
2025-09-27 10:35:12,784 [INFO] in AsyncAppender-Worker-ASYNCSTDOUT - [[34mINFO [0;39m] c.j.i.s.JProInitializer$ - JPro: 2025.3.1-SNAPSHOT - AsyncAppender-Worker-ASYNCSTDOUT
2025-09-27 10:35:12,784 [INFO] in AsyncAppender-Worker-ASYNCSTDOUT - [[34mINFO [0;39m] c.j.i.s.JProInitializer$ - JPro buildtime: Sat, 20 Sep 2025 20:03:24 +0800 - AsyncAppender-Worker-ASYNCSTDOUT
2025-09-27 10:35:12,784 [INFO] in AsyncAppender-Worker-ASYNCSTDOUT - [[34mINFO [0;39m] c.j.i.s.JProInitializer$ - Java version: 23-valhalla - AsyncAppender-Worker-ASYNCSTDOUT
2025-09-27 10:35:12,784 [INFO] in AsyncAppender-Worker-ASYNCSTDOUT - [[34mINFO [0;39m] c.j.i.s.JProInitializer$ - JVM: 23-valhalla Oracle Corporation - AsyncAppender-Worker-ASYNCSTDOUT
2025-09-27 10:35:12,791 [INFO] in AsyncAppender-Worker-ASYNCSTDOUT - [[34mINFO [0;39m] c.j.i.s.JProInitializer$ - JavaFX jar: file:/C:/Users/LDS7871/.m2/repository/org/openjfx/javafx-graphics/25.0.2-jpro/javafx-graphics-25.0.2-jpro-win.jar - AsyncAppender-Worker-ASYNCSTDOUT
2025-09-27 10:35:12,793 [INFO] in AsyncAppender-Worker-ASYNCSTDOUT - [[34mINFO [0;39m] c.j.i.s.JProInitializer$ - Configuring logging from url: 'jar:file:/C:/Users/LDS7871/.m2/repository/one/jpro/jpro-server_2.12/2025.3.1-SNAPSHOT/jpro-server_2.12-2025.3.1-SNAPSHOT.jar!/logback-jpro-default.xml' - AsyncAppender-Worker-ASYNCSTDOUT
2025-09-27 10:35:13,547 [INFO] in AsyncAppender-Worker-ASYNCSTDOUT - [[34mINFO [0;39m] c.j.i.s.JProInitializer$ - JavaFX version: 25.0.2-jpro+0 - AsyncAppender-Worker-ASYNCSTDOUT
2025-09-27 10:35:13,606 [INFO] in JavaFX Application Thread - G1 Young Generation - JavaFX Application Thread
2025-09-27 10:35:13,606 [INFO] in JavaFX Application Thread - G1 Concurrent GC - JavaFX Application Thread
2025-09-27 10:35:13,606 [INFO] in JavaFX Application Thread - G1 Old Generation - JavaFX Application Thread
2025-09-27 10:35:13,625 [INFO] in AsyncAppender-Worker-ASYNCSTDOUT - [[34mINFO [0;39m] c.j.i.s.JProInitializer$ - finished init! - AsyncAppender-Worker-ASYNCSTDOUT
2025-09-27 10:35:13,636 [INFO] in AsyncAppender-Worker-ASYNCSTDOUT - [[34mINFO [0;39m] c.j.i.s.JProInitializer$ - [JPro] -> Server started: {start_time: 1758940512777, os_name: Windows 11, jpro_version: 2025.3.1-SNAPSHOT, pid: 22184} - AsyncAppender-Worker-ASYNCSTDOUT
2025-09-27 10:35:13,762 [INFO] in AsyncAppender-Worker-ASYNCSTDOUT - [[34mINFO [0;39m] c.j.i.s.Route$ - Creating routing for JPro server - AsyncAppender-Worker-ASYNCSTDOUT
2025-09-27 10:35:13,838 [INFO] in AsyncAppender-Worker-ASYNCSTDOUT - [[34mINFO [0;39m] i.h.c.f.HelidonFeatures - Helidon SE 4.2.6 features: [Config, Encoding, Media, Metrics, Registry, WebServer, WebSocket] - AsyncAppender-Worker-ASYNCSTDOUT
2025-09-27 10:35:13,845 [INFO] in AsyncAppender-Worker-ASYNCSTDOUT - [[34mINFO [0;39m] i.h.w.ServerListener - [0x10f9e690] http://0.0.0.0:8080 bound for socket '@default' - AsyncAppender-Worker-ASYNCSTDOUT
2025-09-27 10:35:13,848 [ERROR] in Thread-0 - There is no Helidon logging implementation on classpath, skipping log configuration. - Thread-0
2025-09-27 10:35:13,855 [INFO] in AsyncAppender-Worker-ASYNCSTDOUT - [[34mINFO [0;39m] i.h.w.LoomServer - Started all channels in 19 milliseconds. 1970 milliseconds since JVM startup. Java 23-valhalla+1-90 - AsyncAppender-Worker-ASYNCSTDOUT
2025-09-27 10:35:13,855 [INFO] in Thread-0 - Server started at http://localhost:8080 - Thread-0
2025-09-27 10:35:14,620 [INFO] in AsyncAppender-Worker-ASYNCSTDOUT - [[34mINFO [0;39m] c.j.i.s.JProWSEndpoint - application requested: default params: Map() - AsyncAppender-Worker-ASYNCSTDOUT
2025-09-27 10:35:14,622 [INFO] in AsyncAppender-Worker-ASYNCSTDOUT - [[34mINFO [0;39m] c.j.i.s.JProWSEndpoint - Creating Application: default - AsyncAppender-Worker-ASYNCSTDOUT
2025-09-27 10:35:14,622 [INFO] in AsyncAppender-Worker-ASYNCSTDOUT - [[34mINFO [0;39m] c.j.i.s.JProWSEndpoint - remoteAddress unknown - AsyncAppender-Worker-ASYNCSTDOUT
2025-09-27 10:35:14,622 [INFO] in AsyncAppender-Worker-ASYNCSTDOUT - [[34mINFO [0;39m] c.j.i.s.JProWSEndpoint - host           - AsyncAppender-Worker-ASYNCSTDOUT
2025-09-27 10:35:14,622 [INFO] in AsyncAppender-Worker-ASYNCSTDOUT - [[34mINFO [0;39m] c.j.i.s.JProWSEndpoint - uri           /app/ws/default - AsyncAppender-Worker-ASYNCSTDOUT
2025-09-27 10:35:14,634 [INFO] in AsyncAppender-Worker-ASYNCSTDOUT - [[34mINFO [0;39m] c.j.i.s.JProWSEndpoint - Application found. - AsyncAppender-Worker-ASYNCSTDOUT
2025-09-27 10:35:14,644 [INFO] in AsyncAppender-Worker-ASYNCSTDOUT - [[34mINFO [0;39m] c.j.i.s.JProWSEndpoint - Handshake received: JSFILE_ID_REPLACED_BY_PLAY - AsyncAppender-Worker-ASYNCSTDOUT
2025-09-27 10:35:14,843 [INFO] in AsyncAppender-Worker-ASYNCSTDOUT - [[34mINFO [0;39m] c.j.i.s.ViewInfo$ - [JPro] -> View created: {app_name: default, host_name: localhost:8080, instance_id: 552226063, browser: Microsoft Edge 140.0.0.0, browser_url: http://localhost:8080/, client_ip: unknown} - AsyncAppender-Worker-ASYNCSTDOUT
2025-09-27 10:35:15,220 [INFO] in JavaFX Application Thread - FlyAway JPro版本启动成功！ - JavaFX Application Thread
2025-09-27 10:35:15,223 [INFO] in AsyncAppender-Worker-ASYNCSTDOUT - [[34mINFO [0;39m] c.j.i.c.InstanceImpl - [JPro] -> Instance created: {app_name: default, host_name: localhost:8080, instance_id: 552226063, browser: Microsoft Edge 140.0.0.0, browser_url: http://localhost:8080/, client_ip: unknown} - AsyncAppender-Worker-ASYNCSTDOUT
2025-09-27 10:35:22,829 [INFO] in JavaFX Application Thread - 打开配置界面... - JavaFX Application Thread
2025-09-27 10:35:22,830 [INFO] in JavaFX Application Thread - 游戏消息: 配置功能 - JavaFX Application Thread
2025-09-27 10:35:22,830 [INFO] in JavaFX Application Thread - 在JPro环境中，配置功能有限 - JavaFX Application Thread
2025-09-27 10:35:23,281 [INFO] in JavaFX Application Thread - 启动无尽模式... - JavaFX Application Thread
2025-09-27 10:35:23,281 [INFO] in JavaFX Application Thread - 游戏消息: 无尽模式已启动！ - JavaFX Application Thread
2025-09-27 10:35:23,284 [INFO] in JavaFX Application Thread - 注意：JPro版本是简化版本 - JavaFX Application Thread
2025-09-27 10:35:29,594 [INFO] in JavaFX Application Thread - 启动挑战模式... - JavaFX Application Thread
2025-09-27 10:35:29,594 [INFO] in JavaFX Application Thread - 游戏消息: 挑战模式已启动！ - JavaFX Application Thread
2025-09-27 10:35:29,594 [INFO] in JavaFX Application Thread - 注意：JPro版本是简化版本 - JavaFX Application Thread
2025-09-27 10:35:33,098 [INFO] in JavaFX Application Thread - 打开配置界面... - JavaFX Application Thread
2025-09-27 10:35:33,099 [INFO] in JavaFX Application Thread - 游戏消息: 配置功能 - JavaFX Application Thread
2025-09-27 10:35:33,099 [INFO] in JavaFX Application Thread - 在JPro环境中，配置功能有限 - JavaFX Application Thread
2025-09-27 10:35:34,285 [INFO] in JavaFX Application Thread - 启动无尽模式... - JavaFX Application Thread
2025-09-27 10:35:34,285 [INFO] in JavaFX Application Thread - 游戏消息: 无尽模式已启动！ - JavaFX Application Thread
2025-09-27 10:35:34,285 [INFO] in JavaFX Application Thread - 注意：JPro版本是简化版本 - JavaFX Application Thread
2025-09-27 10:35:35,904 [INFO] in JavaFX Application Thread - 启动挑战模式... - JavaFX Application Thread
2025-09-27 10:35:35,904 [INFO] in JavaFX Application Thread - 游戏消息: 挑战模式已启动！ - JavaFX Application Thread
2025-09-27 10:35:35,904 [INFO] in JavaFX Application Thread - 注意：JPro版本是简化版本 - JavaFX Application Thread
2025-09-27 10:35:41,318 [INFO] in AsyncAppender-Worker-ASYNCSTDOUT - [[34mINFO [0;39m] c.j.i.s.JProWSEndpoint - Frame received after poison, ignoring - AsyncAppender-Worker-ASYNCSTDOUT
2025-09-27 10:35:41,318 [INFO] in AsyncAppender-Worker-ASYNCSTDOUT - [[34mINFO [0;39m] c.j.i.s.JProWSEndpoint - WebSocket for [default] closed: 1000 – tab-closed - AsyncAppender-Worker-ASYNCSTDOUT
2025-09-27 10:35:41,322 [INFO] in AsyncAppender-Worker-ASYNCSTDOUT - [[34mINFO [0;39m] c.j.i.s.ViewInfo$ - [JPro] -> View closed: {app_name: default, host_name: localhost:8080, instance_id: 552226063, browser: Microsoft Edge 140.0.0.0, browser_url: http://localhost:8080/, client_ip: unknown, reason: tab-closed} - AsyncAppender-Worker-ASYNCSTDOUT
2025-09-27 10:35:41,325 [INFO] in AsyncAppender-Worker-ASYNCSTDOUT - [[34mINFO [0;39m] c.j.i.s.ViewInfo$ -  - AsyncAppender-Worker-ASYNCSTDOUT
2025-09-27 10:35:41,325 [INFO] in AsyncAppender-Worker-ASYNCSTDOUT - [[34mINFO [0;39m] c.j.i.s.ViewInfo$ - Application closed: - AsyncAppender-Worker-ASYNCSTDOUT
2025-09-27 10:35:41,338 [INFO] in AsyncAppender-Worker-ASYNCSTDOUT - [[34mINFO [0;39m] c.j.i.s.ViewInfo$ - startTime      : Sat Sep 27 10:35:41 GMT+08:00 2025       - AsyncAppender-Worker-ASYNCSTDOUT
2025-09-27 10:35:41,338 [INFO] in AsyncAppender-Worker-ASYNCSTDOUT - [[34mINFO [0;39m] c.j.i.s.ViewInfo$ - averageLatency : 00:00:00.003  - AsyncAppender-Worker-ASYNCSTDOUT
2025-09-27 10:35:41,338 [INFO] in AsyncAppender-Worker-ASYNCSTDOUT - [[34mINFO [0;39m] c.j.i.s.ViewInfo$ - averageJitter  : 00:00:00.003   - AsyncAppender-Worker-ASYNCSTDOUT
2025-09-27 10:35:41,339 [INFO] in AsyncAppender-Worker-ASYNCSTDOUT - [[34mINFO [0;39m] c.j.i.s.ViewInfo$ - framerateServer: 00:00:00.000 - AsyncAppender-Worker-ASYNCSTDOUT
2025-09-27 10:35:41,340 [INFO] in AsyncAppender-Worker-ASYNCSTDOUT - [[34mINFO [0;39m] c.j.i.s.ViewInfo$ - framerateClient: 00:00:00.000 - AsyncAppender-Worker-ASYNCSTDOUT
2025-09-27 10:35:41,340 [INFO] in AsyncAppender-Worker-ASYNCSTDOUT - [[34mINFO [0;39m] c.j.i.s.ViewInfo$ - raw            : 0 - AsyncAppender-Worker-ASYNCSTDOUT
2025-09-27 10:35:41,340 [INFO] in AsyncAppender-Worker-ASYNCSTDOUT - [[34mINFO [0;39m] c.j.i.s.ViewInfo$ - zipped         : 0 - AsyncAppender-Worker-ASYNCSTDOUT
2025-09-27 10:35:41,341 [INFO] in AsyncAppender-Worker-ASYNCSTDOUT - [[34mINFO [0;39m] c.j.i.s.ViewInfo$ -  - AsyncAppender-Worker-ASYNCSTDOUT
2025-09-27 10:35:41,344 [ERROR] in JavaFX Application Thread - java.lang.AssertionError: assertion failed: Can't dispose, the JPro view is no longer active. Close reason was: tab-closed - JavaFX Application Thread
2025-09-27 10:35:41,345 [ERROR] in JavaFX Application Thread - 	at scala.Predef$.assert(Predef.scala:223) - JavaFX Application Thread
2025-09-27 10:35:41,345 [ERROR] in JavaFX Application Thread - 	at com.jpro.internal.communicator.ViewImpl.dispose(ViewImpl.scala:226) - JavaFX Application Thread
2025-09-27 10:35:41,346 [ERROR] in JavaFX Application Thread - 	at com.jpro.internal.server.JProWSEndpoint.$anonfun$disposeIfNeeded$1(JProWSEndpoint.scala:221) - JavaFX Application Thread
2025-09-27 10:35:41,346 [ERROR] in JavaFX Application Thread - 	at scala.runtime.java8.JFunction0$mcV$sp.apply(JFunction0$mcV$sp.java:23) - JavaFX Application Thread
2025-09-27 10:35:41,346 [ERROR] in JavaFX Application Thread - 	at simplefx.cores.standard.parts.CoreTimeEvent$$anon$3.run(CoreTimeEvent.scala:62) - JavaFX Application Thread
2025-09-27 10:35:41,346 [ERROR] in JavaFX Application Thread - 	at com.sun.javafx.application.PlatformImpl.lambda$runLater$0(PlatformImpl.java:425) - JavaFX Application Thread
2025-09-27 10:35:41,346 [ERROR] in JavaFX Application Thread - 	at com.sun.glass.ui.monocle.RunnableProcessor.runLoop(RunnableProcessor.java:92) - JavaFX Application Thread
2025-09-27 10:35:41,346 [ERROR] in JavaFX Application Thread - 	at com.sun.glass.ui.monocle.RunnableProcessor.run(RunnableProcessor.java:51) - JavaFX Application Thread
2025-09-27 10:35:41,347 [ERROR] in JavaFX Application Thread - 	at java.base/java.lang.Thread.run(Thread.java:1575) - JavaFX Application Thread
2025-09-27 10:35:41,347 [ERROR] in JavaFX Application Thread - Exception in thread "JavaFX Application Thread" java.lang.AssertionError: assertion failed: Can't dispose, the JPro view is no longer active. Close reason was: tab-closed - JavaFX Application Thread
2025-09-27 10:35:41,347 [ERROR] in JavaFX Application Thread - 	at scala.Predef$.assert(Predef.scala:223) - JavaFX Application Thread
2025-09-27 10:35:41,347 [ERROR] in JavaFX Application Thread - 	at com.jpro.internal.communicator.ViewImpl.dispose(ViewImpl.scala:226) - JavaFX Application Thread
2025-09-27 10:35:41,347 [ERROR] in JavaFX Application Thread - 	at com.jpro.internal.server.JProWSEndpoint.$anonfun$disposeIfNeeded$1(JProWSEndpoint.scala:221) - JavaFX Application Thread
2025-09-27 10:35:41,348 [ERROR] in JavaFX Application Thread - 	at scala.runtime.java8.JFunction0$mcV$sp.apply(JFunction0$mcV$sp.java:23) - JavaFX Application Thread
2025-09-27 10:35:41,348 [ERROR] in JavaFX Application Thread - 	at simplefx.cores.standard.parts.CoreTimeEvent$$anon$3.run(CoreTimeEvent.scala:62) - JavaFX Application Thread
2025-09-27 10:35:41,348 [ERROR] in JavaFX Application Thread - 	at com.sun.javafx.application.PlatformImpl.lambda$runLater$0(PlatformImpl.java:425) - JavaFX Application Thread
2025-09-27 10:35:41,348 [ERROR] in JavaFX Application Thread - 	at com.sun.glass.ui.monocle.RunnableProcessor.runLoop(RunnableProcessor.java:92) - JavaFX Application Thread
2025-09-27 10:35:41,348 [ERROR] in JavaFX Application Thread - 	at com.sun.glass.ui.monocle.RunnableProcessor.run(RunnableProcessor.java:51) - JavaFX Application Thread
2025-09-27 10:35:41,348 [ERROR] in JavaFX Application Thread - 	at java.base/java.lang.Thread.run(Thread.java:1575) - JavaFX Application Thread
2025-09-27 10:35:42,321 [INFO] in AsyncAppender-Worker-ASYNCSTDOUT - [[34mINFO [0;39m] c.j.i.c.InstanceImpl - [JPro] -> Instance closed: {app_name: default, host_name: localhost:8080, instance_id: 552226063, browser: Microsoft Edge 140.0.0.0, browser_url: http://localhost:8080/, client_ip: unknown, reason: close-tab-closed} - AsyncAppender-Worker-ASYNCSTDOUT
2025-09-27 10:41:39,823 [INFO] in AsyncAppender-Worker-ASYNCSTDOUT - [[34mINFO [0;39m] c.jpro.activity - Starting the server - AsyncAppender-Worker-ASYNCSTDOUT
2025-09-27 10:41:39,823 [INFO] in AsyncAppender-Worker-ASYNCSTDOUT - [[34mINFO [0;39m] c.j.i.s.JProInitializer$ -  *** Starting JPro: https://www.jpro.one/ *** - AsyncAppender-Worker-ASYNCSTDOUT
2025-09-27 10:41:39,823 [INFO] in AsyncAppender-Worker-ASYNCSTDOUT - [[34mINFO [0;39m] c.j.i.s.JProInitializer$ - OS: Windows 11 - AsyncAppender-Worker-ASYNCSTDOUT
2025-09-27 10:41:39,823 [INFO] in AsyncAppender-Worker-ASYNCSTDOUT - [[34mINFO [0;39m] c.j.i.s.JProInitializer$ - JPro: 2025.3.1-SNAPSHOT - AsyncAppender-Worker-ASYNCSTDOUT
2025-09-27 10:41:39,828 [INFO] in AsyncAppender-Worker-ASYNCSTDOUT - [[34mINFO [0;39m] c.j.i.s.JProInitializer$ - JPro buildtime: Sat, 20 Sep 2025 20:03:24 +0800 - AsyncAppender-Worker-ASYNCSTDOUT
2025-09-27 10:41:39,828 [INFO] in AsyncAppender-Worker-ASYNCSTDOUT - [[34mINFO [0;39m] c.j.i.s.JProInitializer$ - Java version: 23-valhalla - AsyncAppender-Worker-ASYNCSTDOUT
2025-09-27 10:41:39,828 [INFO] in AsyncAppender-Worker-ASYNCSTDOUT - [[34mINFO [0;39m] c.j.i.s.JProInitializer$ - JVM: 23-valhalla Oracle Corporation - AsyncAppender-Worker-ASYNCSTDOUT
2025-09-27 10:41:39,829 [INFO] in AsyncAppender-Worker-ASYNCSTDOUT - [[34mINFO [0;39m] c.j.i.s.JProInitializer$ - JavaFX jar: file:/C:/Users/LDS7871/.m2/repository/org/openjfx/javafx-graphics/25.0.2-jpro/javafx-graphics-25.0.2-jpro-win.jar - AsyncAppender-Worker-ASYNCSTDOUT
2025-09-27 10:41:39,832 [INFO] in AsyncAppender-Worker-ASYNCSTDOUT - [[34mINFO [0;39m] c.j.i.s.JProInitializer$ - Configuring logging from url: 'jar:file:/C:/Users/LDS7871/.m2/repository/one/jpro/jpro-server_2.12/2025.3.1-SNAPSHOT/jpro-server_2.12-2025.3.1-SNAPSHOT.jar!/logback-jpro-default.xml' - AsyncAppender-Worker-ASYNCSTDOUT
2025-09-27 10:41:40,632 [INFO] in AsyncAppender-Worker-ASYNCSTDOUT - [[34mINFO [0;39m] c.j.i.s.JProInitializer$ - JavaFX version: 25.0.2-jpro+0 - AsyncAppender-Worker-ASYNCSTDOUT
2025-09-27 10:41:40,708 [INFO] in JavaFX Application Thread - G1 Young Generation - JavaFX Application Thread
2025-09-27 10:41:40,708 [INFO] in JavaFX Application Thread - G1 Concurrent GC - JavaFX Application Thread
2025-09-27 10:41:40,708 [INFO] in JavaFX Application Thread - G1 Old Generation - JavaFX Application Thread
2025-09-27 10:41:40,733 [INFO] in AsyncAppender-Worker-ASYNCSTDOUT - [[34mINFO [0;39m] c.j.i.s.JProInitializer$ - finished init! - AsyncAppender-Worker-ASYNCSTDOUT
2025-09-27 10:41:40,740 [INFO] in AsyncAppender-Worker-ASYNCSTDOUT - [[34mINFO [0;39m] c.j.i.s.JProInitializer$ - [JPro] -> Server started: {start_time: 1758940899817, os_name: Windows 11, jpro_version: 2025.3.1-SNAPSHOT, pid: 24520} - AsyncAppender-Worker-ASYNCSTDOUT
2025-09-27 10:41:40,856 [INFO] in AsyncAppender-Worker-ASYNCSTDOUT - [[34mINFO [0;39m] c.j.i.s.Route$ - Creating routing for JPro server - AsyncAppender-Worker-ASYNCSTDOUT
2025-09-27 10:41:40,930 [INFO] in AsyncAppender-Worker-ASYNCSTDOUT - [[34mINFO [0;39m] i.h.c.f.HelidonFeatures - Helidon SE 4.2.6 features: [Config, Encoding, Media, Metrics, Registry, WebServer, WebSocket] - AsyncAppender-Worker-ASYNCSTDOUT
2025-09-27 10:41:40,940 [INFO] in AsyncAppender-Worker-ASYNCSTDOUT - [[34mINFO [0;39m] i.h.w.ServerListener - [0x35bc7815] http://0.0.0.0:8080 bound for socket '@default' - AsyncAppender-Worker-ASYNCSTDOUT
2025-09-27 10:41:40,942 [ERROR] in Thread-0 - There is no Helidon logging implementation on classpath, skipping log configuration. - Thread-0
2025-09-27 10:41:40,946 [INFO] in AsyncAppender-Worker-ASYNCSTDOUT - [[34mINFO [0;39m] i.h.w.LoomServer - Started all channels in 20 milliseconds. 2161 milliseconds since JVM startup. Java 23-valhalla+1-90 - AsyncAppender-Worker-ASYNCSTDOUT
2025-09-27 10:41:40,947 [INFO] in Thread-0 - Server started at http://localhost:8080 - Thread-0
2025-09-27 10:41:41,780 [INFO] in AsyncAppender-Worker-ASYNCSTDOUT - [[34mINFO [0;39m] c.j.i.s.JProWSEndpoint - application requested: default params: Map() - AsyncAppender-Worker-ASYNCSTDOUT
2025-09-27 10:41:41,780 [INFO] in AsyncAppender-Worker-ASYNCSTDOUT - [[34mINFO [0;39m] c.j.i.s.JProWSEndpoint - Creating Application: default - AsyncAppender-Worker-ASYNCSTDOUT
2025-09-27 10:41:41,781 [INFO] in AsyncAppender-Worker-ASYNCSTDOUT - [[34mINFO [0;39m] c.j.i.s.JProWSEndpoint - remoteAddress unknown - AsyncAppender-Worker-ASYNCSTDOUT
2025-09-27 10:41:41,781 [INFO] in AsyncAppender-Worker-ASYNCSTDOUT - [[34mINFO [0;39m] c.j.i.s.JProWSEndpoint - host           - AsyncAppender-Worker-ASYNCSTDOUT
2025-09-27 10:41:41,781 [INFO] in AsyncAppender-Worker-ASYNCSTDOUT - [[34mINFO [0;39m] c.j.i.s.JProWSEndpoint - uri           /app/ws/default - AsyncAppender-Worker-ASYNCSTDOUT
2025-09-27 10:41:41,792 [INFO] in AsyncAppender-Worker-ASYNCSTDOUT - [[34mINFO [0;39m] c.j.i.s.JProWSEndpoint - Application found. - AsyncAppender-Worker-ASYNCSTDOUT
2025-09-27 10:41:41,797 [INFO] in AsyncAppender-Worker-ASYNCSTDOUT - [[34mINFO [0;39m] c.j.i.s.JProWSEndpoint - Handshake received: JSFILE_ID_REPLACED_BY_PLAY - AsyncAppender-Worker-ASYNCSTDOUT
2025-09-27 10:41:41,979 [INFO] in JavaFX Application Thread - 检测到JPro环境 - JavaFX Application Thread
2025-09-27 10:41:42,028 [INFO] in AsyncAppender-Worker-ASYNCSTDOUT - [[34mINFO [0;39m] c.j.i.s.ViewInfo$ - [JPro] -> View created: {app_name: default, host_name: localhost:8080, instance_id: 1399294936, browser: Microsoft Edge 140.0.0.0, browser_url: http://localhost:8080/, client_ip: unknown} - AsyncAppender-Worker-ASYNCSTDOUT
2025-09-27 10:41:42,110 [INFO] in JavaFX Application Thread - 启动JPro Web版本... - JavaFX Application Thread
2025-09-27 10:41:42,339 [INFO] in AsyncAppender-Worker-ASYNCSTDOUT - [[34mINFO [0;39m] c.j.i.c.InstanceImpl - [JPro] -> Instance created: {app_name: default, host_name: localhost:8080, instance_id: 1399294936, browser: Microsoft Edge 140.0.0.0, browser_url: http://localhost:8080/, client_ip: unknown} - AsyncAppender-Worker-ASYNCSTDOUT
2025-09-27 10:42:03,438 [INFO] in AsyncAppender-Worker-ASYNCSTDOUT - [[34mINFO [0;39m] c.j.i.s.JProWSEndpoint - Frame received after poison, ignoring - AsyncAppender-Worker-ASYNCSTDOUT
2025-09-27 10:42:03,439 [INFO] in AsyncAppender-Worker-ASYNCSTDOUT - [[34mINFO [0;39m] c.j.i.s.JProWSEndpoint - WebSocket for [default] closed: 1000 – tab-closed - AsyncAppender-Worker-ASYNCSTDOUT
2025-09-27 10:42:03,443 [INFO] in AsyncAppender-Worker-ASYNCSTDOUT - [[34mINFO [0;39m] c.j.i.s.ViewInfo$ - [JPro] -> View closed: {app_name: default, host_name: localhost:8080, instance_id: 1399294936, browser: Microsoft Edge 140.0.0.0, browser_url: http://localhost:8080/, client_ip: unknown, reason: tab-closed} - AsyncAppender-Worker-ASYNCSTDOUT
2025-09-27 10:42:03,446 [INFO] in AsyncAppender-Worker-ASYNCSTDOUT - [[34mINFO [0;39m] c.j.i.s.ViewInfo$ -  - AsyncAppender-Worker-ASYNCSTDOUT
2025-09-27 10:42:03,446 [INFO] in AsyncAppender-Worker-ASYNCSTDOUT - [[34mINFO [0;39m] c.j.i.s.ViewInfo$ - Application closed: - AsyncAppender-Worker-ASYNCSTDOUT
2025-09-27 10:42:03,467 [INFO] in AsyncAppender-Worker-ASYNCSTDOUT - [[34mINFO [0;39m] c.j.i.s.ViewInfo$ - startTime      : Sat Sep 27 10:42:03 GMT+08:00 2025       - AsyncAppender-Worker-ASYNCSTDOUT
2025-09-27 10:42:03,467 [INFO] in AsyncAppender-Worker-ASYNCSTDOUT - [[34mINFO [0;39m] c.j.i.s.ViewInfo$ - averageLatency : 00:00:00.003  - AsyncAppender-Worker-ASYNCSTDOUT
2025-09-27 10:42:03,467 [INFO] in AsyncAppender-Worker-ASYNCSTDOUT - [[34mINFO [0;39m] c.j.i.s.ViewInfo$ - averageJitter  : 00:00:00.004   - AsyncAppender-Worker-ASYNCSTDOUT
2025-09-27 10:42:03,469 [INFO] in AsyncAppender-Worker-ASYNCSTDOUT - [[34mINFO [0;39m] c.j.i.s.ViewInfo$ - framerateServer: 00:00:00.000 - AsyncAppender-Worker-ASYNCSTDOUT
2025-09-27 10:42:03,471 [INFO] in AsyncAppender-Worker-ASYNCSTDOUT - [[34mINFO [0;39m] c.j.i.s.ViewInfo$ - framerateClient: 00:00:00.000 - AsyncAppender-Worker-ASYNCSTDOUT
2025-09-27 10:42:03,471 [INFO] in AsyncAppender-Worker-ASYNCSTDOUT - [[34mINFO [0;39m] c.j.i.s.ViewInfo$ - raw            : 0 - AsyncAppender-Worker-ASYNCSTDOUT
2025-09-27 10:42:03,471 [INFO] in AsyncAppender-Worker-ASYNCSTDOUT - [[34mINFO [0;39m] c.j.i.s.ViewInfo$ - zipped         : 0 - AsyncAppender-Worker-ASYNCSTDOUT
2025-09-27 10:42:03,471 [INFO] in AsyncAppender-Worker-ASYNCSTDOUT - [[34mINFO [0;39m] c.j.i.s.ViewInfo$ -  - AsyncAppender-Worker-ASYNCSTDOUT
2025-09-27 10:42:03,474 [ERROR] in JavaFX Application Thread - java.lang.AssertionError: assertion failed: Can't dispose, the JPro view is no longer active. Close reason was: tab-closed - JavaFX Application Thread
2025-09-27 10:42:03,475 [ERROR] in JavaFX Application Thread - 	at scala.Predef$.assert(Predef.scala:223) - JavaFX Application Thread
2025-09-27 10:42:03,475 [ERROR] in JavaFX Application Thread - 	at com.jpro.internal.communicator.ViewImpl.dispose(ViewImpl.scala:226) - JavaFX Application Thread
2025-09-27 10:42:03,475 [ERROR] in JavaFX Application Thread - 	at com.jpro.internal.server.JProWSEndpoint.$anonfun$disposeIfNeeded$1(JProWSEndpoint.scala:221) - JavaFX Application Thread
2025-09-27 10:42:03,475 [ERROR] in JavaFX Application Thread - 	at scala.runtime.java8.JFunction0$mcV$sp.apply(JFunction0$mcV$sp.java:23) - JavaFX Application Thread
2025-09-27 10:42:03,476 [ERROR] in JavaFX Application Thread - 	at simplefx.cores.standard.parts.CoreTimeEvent$$anon$3.run(CoreTimeEvent.scala:62) - JavaFX Application Thread
2025-09-27 10:42:03,476 [ERROR] in JavaFX Application Thread - 	at com.sun.javafx.application.PlatformImpl.lambda$runLater$0(PlatformImpl.java:425) - JavaFX Application Thread
2025-09-27 10:42:03,476 [ERROR] in JavaFX Application Thread - 	at com.sun.glass.ui.monocle.RunnableProcessor.runLoop(RunnableProcessor.java:92) - JavaFX Application Thread
2025-09-27 10:42:03,476 [ERROR] in JavaFX Application Thread - 	at com.sun.glass.ui.monocle.RunnableProcessor.enterNestedEventLoop(RunnableProcessor.java:107) - JavaFX Application Thread
2025-09-27 10:42:03,476 [ERROR] in JavaFX Application Thread - 	at com.sun.glass.ui.monocle.MonocleApplication._enterNestedEventLoop(MonocleApplication.java:140) - JavaFX Application Thread
2025-09-27 10:42:03,476 [ERROR] in JavaFX Application Thread - 	at com.sun.glass.ui.Application.enterNestedEventLoop(Application.java:510) - JavaFX Application Thread
2025-09-27 10:42:03,476 [ERROR] in JavaFX Application Thread - 	at com.sun.glass.ui.EventLoop.enter(EventLoop.java:107) - JavaFX Application Thread
2025-09-27 10:42:03,476 [ERROR] in JavaFX Application Thread - 	at com.sun.javafx.tk.quantum.QuantumToolkit.enterNestedEventLoop(QuantumToolkit.java:670) - JavaFX Application Thread
2025-09-27 10:42:03,476 [ERROR] in JavaFX Application Thread - 	at javafx.stage.Stage.showAndWait(Stage.java:454) - JavaFX Application Thread
2025-09-27 10:42:03,477 [ERROR] in JavaFX Application Thread - 	at javafx.scene.control.HeavyweightDialog.showAndWait(HeavyweightDialog.java:162) - JavaFX Application Thread
2025-09-27 10:42:03,477 [ERROR] in JavaFX Application Thread - 	at javafx.scene.control.Dialog.showAndWait(Dialog.java:347) - JavaFX Application Thread
2025-09-27 10:42:03,477 [ERROR] in JavaFX Application Thread - 	at com.lds7871.flyaway.A_Contorller.JProLauncher.showJProGameMessage(JProLauncher.java:173) - JavaFX Application Thread
2025-09-27 10:42:03,477 [ERROR] in JavaFX Application Thread - 	at com.lds7871.flyaway.A_Contorller.JProLauncher.lambda$startJProVersion$0(JProLauncher.java:72) - JavaFX Application Thread
2025-09-27 10:42:03,477 [ERROR] in JavaFX Application Thread - 	at com.sun.javafx.event.CompositeEventHandler.dispatchBubblingEvent(CompositeEventHandler.java:86) - JavaFX Application Thread
2025-09-27 10:42:03,477 [ERROR] in JavaFX Application Thread - 	at com.sun.javafx.event.EventHandlerManager.dispatchBubblingEvent(EventHandlerManager.java:232) - JavaFX Application Thread
2025-09-27 10:42:03,477 [ERROR] in JavaFX Application Thread - 	at com.sun.javafx.event.EventHandlerManager.dispatchBubblingEvent(EventHandlerManager.java:189) - JavaFX Application Thread
2025-09-27 10:42:03,477 [ERROR] in JavaFX Application Thread - 	at com.sun.javafx.event.CompositeEventDispatcher.dispatchBubblingEvent(CompositeEventDispatcher.java:59) - JavaFX Application Thread
2025-09-27 10:42:03,477 [ERROR] in JavaFX Application Thread - 	at com.sun.javafx.event.BasicEventDispatcher.dispatchEvent(BasicEventDispatcher.java:58) - JavaFX Application Thread
2025-09-27 10:42:03,478 [ERROR] in JavaFX Application Thread - 	at com.sun.javafx.event.EventDispatchChainImpl.dispatchEvent(EventDispatchChainImpl.java:114) - JavaFX Application Thread
2025-09-27 10:42:03,478 [ERROR] in JavaFX Application Thread - 	at com.sun.javafx.event.BasicEventDispatcher.dispatchEvent(BasicEventDispatcher.java:56) - JavaFX Application Thread
2025-09-27 10:42:03,478 [ERROR] in JavaFX Application Thread - 	at com.sun.javafx.event.EventDispatchChainImpl.dispatchEvent(EventDispatchChainImpl.java:114) - JavaFX Application Thread
2025-09-27 10:42:03,478 [ERROR] in JavaFX Application Thread - 	at com.sun.javafx.event.BasicEventDispatcher.dispatchEvent(BasicEventDispatcher.java:56) - JavaFX Application Thread
2025-09-27 10:42:03,478 [ERROR] in JavaFX Application Thread - 	at com.sun.javafx.event.EventDispatchChainImpl.dispatchEvent(EventDispatchChainImpl.java:114) - JavaFX Application Thread
2025-09-27 10:42:03,478 [ERROR] in JavaFX Application Thread - 	at com.sun.javafx.event.EventUtil.fireEventImpl(EventUtil.java:74) - JavaFX Application Thread
2025-09-27 10:42:03,478 [ERROR] in JavaFX Application Thread - 	at com.sun.javafx.event.EventUtil.fireEvent(EventUtil.java:49) - JavaFX Application Thread
2025-09-27 10:42:03,478 [ERROR] in JavaFX Application Thread - 	at javafx.event.Event.fireEvent(Event.java:199) - JavaFX Application Thread
2025-09-27 10:42:03,478 [ERROR] in JavaFX Application Thread - 	at javafx.scene.Node.fireEvent(Node.java:9026) - JavaFX Application Thread
2025-09-27 10:42:03,478 [ERROR] in JavaFX Application Thread - 	at javafx.scene.control.Button.fire(Button.java:203) - JavaFX Application Thread
2025-09-27 10:42:03,478 [ERROR] in JavaFX Application Thread - 	at com.sun.javafx.scene.control.behavior.ButtonBehavior.mouseReleased(ButtonBehavior.java:207) - JavaFX Application Thread
2025-09-27 10:42:03,478 [ERROR] in JavaFX Application Thread - 	at com.sun.javafx.scene.control.inputmap.InputMap.handle(InputMap.java:274) - JavaFX Application Thread
2025-09-27 10:42:03,478 [ERROR] in JavaFX Application Thread - 	at com.sun.javafx.event.CompositeEventHandler$NormalEventHandlerRecord.handleBubblingEvent(CompositeEventHandler.java:247) - JavaFX Application Thread
2025-09-27 10:42:03,478 [ERROR] in JavaFX Application Thread - 	at com.sun.javafx.event.CompositeEventHandler.dispatchBubblingEvent(CompositeEventHandler.java:80) - JavaFX Application Thread
2025-09-27 10:42:03,479 [ERROR] in JavaFX Application Thread - 	at com.sun.javafx.event.EventHandlerManager.dispatchBubblingEvent(EventHandlerManager.java:232) - JavaFX Application Thread
2025-09-27 10:42:03,479 [ERROR] in JavaFX Application Thread - 	at com.sun.javafx.event.EventHandlerManager.dispatchBubblingEvent(EventHandlerManager.java:189) - JavaFX Application Thread
2025-09-27 10:42:03,479 [ERROR] in JavaFX Application Thread - 	at com.sun.javafx.event.CompositeEventDispatcher.dispatchBubblingEvent(CompositeEventDispatcher.java:59) - JavaFX Application Thread
2025-09-27 10:42:03,479 [ERROR] in JavaFX Application Thread - 	at com.sun.javafx.event.BasicEventDispatcher.dispatchEvent(BasicEventDispatcher.java:58) - JavaFX Application Thread
2025-09-27 10:42:03,479 [ERROR] in JavaFX Application Thread - 	at com.sun.javafx.event.EventDispatchChainImpl.dispatchEvent(EventDispatchChainImpl.java:114) - JavaFX Application Thread
2025-09-27 10:42:03,479 [ERROR] in JavaFX Application Thread - 	at com.sun.javafx.event.BasicEventDispatcher.dispatchEvent(BasicEventDispatcher.java:56) - JavaFX Application Thread
2025-09-27 10:42:03,480 [ERROR] in JavaFX Application Thread - 	at com.sun.javafx.event.EventDispatchChainImpl.dispatchEvent(EventDispatchChainImpl.java:114) - JavaFX Application Thread
2025-09-27 10:42:03,480 [ERROR] in JavaFX Application Thread - 	at com.sun.javafx.event.BasicEventDispatcher.dispatchEvent(BasicEventDispatcher.java:56) - JavaFX Application Thread
2025-09-27 10:42:03,480 [ERROR] in JavaFX Application Thread - 	at com.sun.javafx.event.EventDispatchChainImpl.dispatchEvent(EventDispatchChainImpl.java:114) - JavaFX Application Thread
2025-09-27 10:42:03,481 [ERROR] in JavaFX Application Thread - 	at com.sun.javafx.event.EventUtil.fireEventImpl(EventUtil.java:74) - JavaFX Application Thread
2025-09-27 10:42:03,481 [ERROR] in JavaFX Application Thread - 	at com.sun.javafx.event.EventUtil.fireEvent(EventUtil.java:54) - JavaFX Application Thread
2025-09-27 10:42:03,481 [ERROR] in JavaFX Application Thread - 	at javafx.event.Event.fireEvent(Event.java:199) - JavaFX Application Thread
2025-09-27 10:42:03,481 [ERROR] in JavaFX Application Thread - 	at javafx.scene.Scene$MouseHandler.process(Scene.java:4125) - JavaFX Application Thread
2025-09-27 10:42:03,481 [ERROR] in JavaFX Application Thread - 	at javafx.scene.Scene.processMouseEvent(Scene.java:2005) - JavaFX Application Thread
2025-09-27 10:42:03,481 [ERROR] in JavaFX Application Thread - 	at javafx.scene.Scene$ScenePeerListener.mouseEvent(Scene.java:2848) - JavaFX Application Thread
2025-09-27 10:42:03,482 [ERROR] in JavaFX Application Thread - 	at com.sun.javafx.tk.quantum.GlassViewEventHandler$MouseEventNotification.get(GlassViewEventHandler.java:353) - JavaFX Application Thread
2025-09-27 10:42:03,482 [ERROR] in JavaFX Application Thread - 	at com.sun.javafx.tk.quantum.GlassViewEventHandler$MouseEventNotification.get(GlassViewEventHandler.java:255) - JavaFX Application Thread
2025-09-27 10:42:03,482 [ERROR] in JavaFX Application Thread - 	at com.sun.javafx.tk.quantum.QuantumToolkit.runWithoutRenderLock(QuantumToolkit.java:429) - JavaFX Application Thread
2025-09-27 10:42:03,482 [ERROR] in JavaFX Application Thread - 	at com.sun.javafx.tk.quantum.GlassViewEventHandler.handleMouseEvent(GlassViewEventHandler.java:387) - JavaFX Application Thread
2025-09-27 10:42:03,482 [ERROR] in JavaFX Application Thread - 	at com.sun.glass.ui.View.handleMouseEvent(View.java:573) - JavaFX Application Thread
2025-09-27 10:42:03,482 [ERROR] in JavaFX Application Thread - 	at com.sun.glass.ui.View.notifyMouse(View.java:975) - JavaFX Application Thread
2025-09-27 10:42:03,483 [ERROR] in JavaFX Application Thread - 	at com.sun.glass.ui.monocle.MonocleView.notifyMouse(MonocleView.java:116) - JavaFX Application Thread
2025-09-27 10:42:03,483 [ERROR] in JavaFX Application Thread - 	at java.base/jdk.internal.reflect.DirectMethodHandleAccessor.invoke(DirectMethodHandleAccessor.java:103) - JavaFX Application Thread
2025-09-27 10:42:03,483 [ERROR] in JavaFX Application Thread - 	at java.base/java.lang.reflect.Method.invoke(Method.java:580) - JavaFX Application Thread
2025-09-27 10:42:03,483 [ERROR] in JavaFX Application Thread - 	at simplefx.util.ReflectionUtil$UseReflection.applyDynamic(ReflectionUtil.scala:21) - JavaFX Application Thread
2025-09-27 10:42:03,483 [ERROR] in JavaFX Application Thread - 	at com.sun.glass.ui.monocle.input.fork.NativeMouseInput.notifyMouse(NativeMouseInput.scala:339) - JavaFX Application Thread
2025-09-27 10:42:03,483 [ERROR] in JavaFX Application Thread - 	at com.sun.glass.ui.monocle.input.fork.NativeMouseInput.postMouseEvent(NativeMouseInput.scala:231) - JavaFX Application Thread
2025-09-27 10:42:03,483 [ERROR] in JavaFX Application Thread - 	at com.sun.glass.ui.monocle.input.fork.NativeMouseInput.setState(NativeMouseInput.scala:190) - JavaFX Application Thread
2025-09-27 10:42:03,483 [ERROR] in JavaFX Application Thread - 	at java.base/jdk.internal.reflect.DirectMethodHandleAccessor.invoke(DirectMethodHandleAccessor.java:103) - JavaFX Application Thread
2025-09-27 10:42:03,483 [ERROR] in JavaFX Application Thread - 	at java.base/java.lang.reflect.Method.invoke(Method.java:580) - JavaFX Application Thread
2025-09-27 10:42:03,483 [ERROR] in JavaFX Application Thread - 	at simplefx.util.ReflectionUtil$UseReflection.applyDynamic(ReflectionUtil.scala:21) - JavaFX Application Thread
2025-09-27 10:42:03,483 [ERROR] in JavaFX Application Thread - 	at com.jpro.meta.tk.SceneInputListener.$anonfun$processInputInScene$5(SceneInputListener.scala:332) - JavaFX Application Thread
2025-09-27 10:42:03,484 [ERROR] in JavaFX Application Thread - 	at com.jpro.meta.tk.SceneInputListener.setupDragging(SceneInputListener.scala:233) - JavaFX Application Thread
2025-09-27 10:42:03,484 [ERROR] in JavaFX Application Thread - 	at com.jpro.meta.tk.SceneInputListener.processInputInScene(SceneInputListener.scala:326) - JavaFX Application Thread
2025-09-27 10:42:03,484 [ERROR] in JavaFX Application Thread - 	at com.jpro.meta.tk.SceneInputListener.processInput(SceneInputListener.scala:212) - JavaFX Application Thread
2025-09-27 10:42:03,484 [ERROR] in JavaFX Application Thread - 	at com.jpro.meta.tk.SceneInputListener.processInputs(SceneInputListener.scala:132) - JavaFX Application Thread
2025-09-27 10:42:03,484 [ERROR] in JavaFX Application Thread - 	at com.jpro.meta.tk.SceneInputListener.processOrRequest(SceneInputListener.scala:40) - JavaFX Application Thread
2025-09-27 10:42:03,484 [ERROR] in JavaFX Application Thread - 	at com.jpro.meta.tk.SceneInputListener.$anonfun$new$4(SceneInputListener.scala:58) - JavaFX Application Thread
2025-09-27 10:42:03,484 [ERROR] in JavaFX Application Thread - 	at scala.runtime.java8.JFunction0$mcV$sp.apply(JFunction0$mcV$sp.java:23) - JavaFX Application Thread
2025-09-27 10:42:03,484 [ERROR] in JavaFX Application Thread - 	at simplefx.cores.standard.parts.CoreTimeEvent$$anon$3.run(CoreTimeEvent.scala:62) - JavaFX Application Thread
2025-09-27 10:42:03,484 [ERROR] in JavaFX Application Thread - 	at com.sun.javafx.application.PlatformImpl.lambda$runLater$0(PlatformImpl.java:425) - JavaFX Application Thread
2025-09-27 10:42:03,484 [ERROR] in JavaFX Application Thread - 	at com.sun.glass.ui.monocle.RunnableProcessor.runLoop(RunnableProcessor.java:92) - JavaFX Application Thread
2025-09-27 10:42:03,484 [ERROR] in JavaFX Application Thread - 	at com.sun.glass.ui.monocle.RunnableProcessor.run(RunnableProcessor.java:51) - JavaFX Application Thread
2025-09-27 10:42:03,484 [ERROR] in JavaFX Application Thread - 	at java.base/java.lang.Thread.run(Thread.java:1575) - JavaFX Application Thread
2025-09-27 10:42:03,484 [ERROR] in JavaFX Application Thread - Exception in thread "JavaFX Application Thread" java.lang.AssertionError: assertion failed: Can't dispose, the JPro view is no longer active. Close reason was: tab-closed - JavaFX Application Thread
2025-09-27 10:42:03,484 [ERROR] in JavaFX Application Thread - 	at scala.Predef$.assert(Predef.scala:223) - JavaFX Application Thread
2025-09-27 10:42:03,485 [ERROR] in JavaFX Application Thread - 	at com.jpro.internal.communicator.ViewImpl.dispose(ViewImpl.scala:226) - JavaFX Application Thread
2025-09-27 10:42:03,485 [ERROR] in JavaFX Application Thread - 	at com.jpro.internal.server.JProWSEndpoint.$anonfun$disposeIfNeeded$1(JProWSEndpoint.scala:221) - JavaFX Application Thread
2025-09-27 10:42:03,485 [ERROR] in JavaFX Application Thread - 	at scala.runtime.java8.JFunction0$mcV$sp.apply(JFunction0$mcV$sp.java:23) - JavaFX Application Thread
2025-09-27 10:42:03,485 [ERROR] in JavaFX Application Thread - 	at simplefx.cores.standard.parts.CoreTimeEvent$$anon$3.run(CoreTimeEvent.scala:62) - JavaFX Application Thread
2025-09-27 10:42:03,485 [ERROR] in JavaFX Application Thread - 	at com.sun.javafx.application.PlatformImpl.lambda$runLater$0(PlatformImpl.java:425) - JavaFX Application Thread
2025-09-27 10:42:03,485 [ERROR] in JavaFX Application Thread - 	at com.sun.glass.ui.monocle.RunnableProcessor.runLoop(RunnableProcessor.java:92) - JavaFX Application Thread
2025-09-27 10:42:03,485 [ERROR] in JavaFX Application Thread - 	at com.sun.glass.ui.monocle.RunnableProcessor.enterNestedEventLoop(RunnableProcessor.java:107) - JavaFX Application Thread
2025-09-27 10:42:03,485 [ERROR] in JavaFX Application Thread - 	at com.sun.glass.ui.monocle.MonocleApplication._enterNestedEventLoop(MonocleApplication.java:140) - JavaFX Application Thread
2025-09-27 10:42:03,485 [ERROR] in JavaFX Application Thread - 	at com.sun.glass.ui.Application.enterNestedEventLoop(Application.java:510) - JavaFX Application Thread
2025-09-27 10:42:03,485 [ERROR] in JavaFX Application Thread - 	at com.sun.glass.ui.EventLoop.enter(EventLoop.java:107) - JavaFX Application Thread
2025-09-27 10:42:03,486 [ERROR] in JavaFX Application Thread - 	at com.sun.javafx.tk.quantum.QuantumToolkit.enterNestedEventLoop(QuantumToolkit.java:670) - JavaFX Application Thread
2025-09-27 10:42:03,486 [ERROR] in JavaFX Application Thread - 	at javafx.stage.Stage.showAndWait(Stage.java:454) - JavaFX Application Thread
2025-09-27 10:42:03,486 [ERROR] in JavaFX Application Thread - 	at javafx.scene.control.HeavyweightDialog.showAndWait(HeavyweightDialog.java:162) - JavaFX Application Thread
2025-09-27 10:42:03,486 [ERROR] in JavaFX Application Thread - 	at javafx.scene.control.Dialog.showAndWait(Dialog.java:347) - JavaFX Application Thread
2025-09-27 10:42:03,486 [ERROR] in JavaFX Application Thread - 	at com.lds7871.flyaway.A_Contorller.JProLauncher.showJProGameMessage(JProLauncher.java:173) - JavaFX Application Thread
2025-09-27 10:42:03,486 [ERROR] in JavaFX Application Thread - 	at com.lds7871.flyaway.A_Contorller.JProLauncher.lambda$startJProVersion$0(JProLauncher.java:72) - JavaFX Application Thread
2025-09-27 10:42:03,486 [ERROR] in JavaFX Application Thread - 	at com.sun.javafx.event.CompositeEventHandler.dispatchBubblingEvent(CompositeEventHandler.java:86) - JavaFX Application Thread
2025-09-27 10:42:03,486 [ERROR] in JavaFX Application Thread - 	at com.sun.javafx.event.EventHandlerManager.dispatchBubblingEvent(EventHandlerManager.java:232) - JavaFX Application Thread
2025-09-27 10:42:03,487 [ERROR] in JavaFX Application Thread - 	at com.sun.javafx.event.EventHandlerManager.dispatchBubblingEvent(EventHandlerManager.java:189) - JavaFX Application Thread
2025-09-27 10:42:03,487 [ERROR] in JavaFX Application Thread - 	at com.sun.javafx.event.CompositeEventDispatcher.dispatchBubblingEvent(CompositeEventDispatcher.java:59) - JavaFX Application Thread
2025-09-27 10:42:03,487 [ERROR] in JavaFX Application Thread - 	at com.sun.javafx.event.BasicEventDispatcher.dispatchEvent(BasicEventDispatcher.java:58) - JavaFX Application Thread
2025-09-27 10:42:03,487 [ERROR] in JavaFX Application Thread - 	at com.sun.javafx.event.EventDispatchChainImpl.dispatchEvent(EventDispatchChainImpl.java:114) - JavaFX Application Thread
2025-09-27 10:42:03,487 [ERROR] in JavaFX Application Thread - 	at com.sun.javafx.event.BasicEventDispatcher.dispatchEvent(BasicEventDispatcher.java:56) - JavaFX Application Thread
2025-09-27 10:42:03,497 [ERROR] in JavaFX Application Thread - 	at com.sun.javafx.event.EventDispatchChainImpl.dispatchEvent(EventDispatchChainImpl.java:114) - JavaFX Application Thread
2025-09-27 10:42:03,497 [ERROR] in JavaFX Application Thread - 	at com.sun.javafx.event.BasicEventDispatcher.dispatchEvent(BasicEventDispatcher.java:56) - JavaFX Application Thread
2025-09-27 10:42:03,497 [ERROR] in JavaFX Application Thread - 	at com.sun.javafx.event.EventDispatchChainImpl.dispatchEvent(EventDispatchChainImpl.java:114) - JavaFX Application Thread
2025-09-27 10:42:03,498 [ERROR] in JavaFX Application Thread - 	at com.sun.javafx.event.EventUtil.fireEventImpl(EventUtil.java:74) - JavaFX Application Thread
2025-09-27 10:42:03,498 [ERROR] in JavaFX Application Thread - 	at com.sun.javafx.event.EventUtil.fireEvent(EventUtil.java:49) - JavaFX Application Thread
2025-09-27 10:42:03,498 [ERROR] in JavaFX Application Thread - 	at javafx.event.Event.fireEvent(Event.java:199) - JavaFX Application Thread
2025-09-27 10:42:03,498 [ERROR] in JavaFX Application Thread - 	at javafx.scene.Node.fireEvent(Node.java:9026) - JavaFX Application Thread
2025-09-27 10:42:03,498 [ERROR] in JavaFX Application Thread - 	at javafx.scene.control.Button.fire(Button.java:203) - JavaFX Application Thread
2025-09-27 10:42:03,498 [ERROR] in JavaFX Application Thread - 	at com.sun.javafx.scene.control.behavior.ButtonBehavior.mouseReleased(ButtonBehavior.java:207) - JavaFX Application Thread
2025-09-27 10:42:03,498 [ERROR] in JavaFX Application Thread - 	at com.sun.javafx.scene.control.inputmap.InputMap.handle(InputMap.java:274) - JavaFX Application Thread
2025-09-27 10:42:03,498 [ERROR] in JavaFX Application Thread - 	at com.sun.javafx.event.CompositeEventHandler$NormalEventHandlerRecord.handleBubblingEvent(CompositeEventHandler.java:247) - JavaFX Application Thread
2025-09-27 10:42:03,498 [ERROR] in JavaFX Application Thread - 	at com.sun.javafx.event.CompositeEventHandler.dispatchBubblingEvent(CompositeEventHandler.java:80) - JavaFX Application Thread
2025-09-27 10:42:03,498 [ERROR] in JavaFX Application Thread - 	at com.sun.javafx.event.EventHandlerManager.dispatchBubblingEvent(EventHandlerManager.java:232) - JavaFX Application Thread
2025-09-27 10:42:03,498 [ERROR] in JavaFX Application Thread - 	at com.sun.javafx.event.EventHandlerManager.dispatchBubblingEvent(EventHandlerManager.java:189) - JavaFX Application Thread
2025-09-27 10:42:03,499 [ERROR] in JavaFX Application Thread - 	at com.sun.javafx.event.CompositeEventDispatcher.dispatchBubblingEvent(CompositeEventDispatcher.java:59) - JavaFX Application Thread
2025-09-27 10:42:03,499 [ERROR] in JavaFX Application Thread - 	at com.sun.javafx.event.BasicEventDispatcher.dispatchEvent(BasicEventDispatcher.java:58) - JavaFX Application Thread
2025-09-27 10:42:03,499 [ERROR] in JavaFX Application Thread - 	at com.sun.javafx.event.EventDispatchChainImpl.dispatchEvent(EventDispatchChainImpl.java:114) - JavaFX Application Thread
2025-09-27 10:42:03,499 [ERROR] in JavaFX Application Thread - 	at com.sun.javafx.event.BasicEventDispatcher.dispatchEvent(BasicEventDispatcher.java:56) - JavaFX Application Thread
2025-09-27 10:42:03,499 [ERROR] in JavaFX Application Thread - 	at com.sun.javafx.event.EventDispatchChainImpl.dispatchEvent(EventDispatchChainImpl.java:114) - JavaFX Application Thread
2025-09-27 10:42:03,499 [ERROR] in JavaFX Application Thread - 	at com.sun.javafx.event.BasicEventDispatcher.dispatchEvent(BasicEventDispatcher.java:56) - JavaFX Application Thread
2025-09-27 10:42:03,499 [ERROR] in JavaFX Application Thread - 	at com.sun.javafx.event.EventDispatchChainImpl.dispatchEvent(EventDispatchChainImpl.java:114) - JavaFX Application Thread
2025-09-27 10:42:03,499 [ERROR] in JavaFX Application Thread - 	at com.sun.javafx.event.EventUtil.fireEventImpl(EventUtil.java:74) - JavaFX Application Thread
2025-09-27 10:42:03,499 [ERROR] in JavaFX Application Thread - 	at com.sun.javafx.event.EventUtil.fireEvent(EventUtil.java:54) - JavaFX Application Thread
2025-09-27 10:42:03,499 [ERROR] in JavaFX Application Thread - 	at javafx.event.Event.fireEvent(Event.java:199) - JavaFX Application Thread
2025-09-27 10:42:03,499 [ERROR] in JavaFX Application Thread - 	at javafx.scene.Scene$MouseHandler.process(Scene.java:4125) - JavaFX Application Thread
2025-09-27 10:42:03,499 [ERROR] in JavaFX Application Thread - 	at javafx.scene.Scene.processMouseEvent(Scene.java:2005) - JavaFX Application Thread
2025-09-27 10:42:03,499 [ERROR] in JavaFX Application Thread - 	at javafx.scene.Scene$ScenePeerListener.mouseEvent(Scene.java:2848) - JavaFX Application Thread
2025-09-27 10:42:03,499 [ERROR] in JavaFX Application Thread - 	at com.sun.javafx.tk.quantum.GlassViewEventHandler$MouseEventNotification.get(GlassViewEventHandler.java:353) - JavaFX Application Thread
2025-09-27 10:42:03,500 [ERROR] in JavaFX Application Thread - 	at com.sun.javafx.tk.quantum.GlassViewEventHandler$MouseEventNotification.get(GlassViewEventHandler.java:255) - JavaFX Application Thread
2025-09-27 10:42:03,500 [ERROR] in JavaFX Application Thread - 	at com.sun.javafx.tk.quantum.QuantumToolkit.runWithoutRenderLock(QuantumToolkit.java:429) - JavaFX Application Thread
2025-09-27 10:42:03,500 [ERROR] in JavaFX Application Thread - 	at com.sun.javafx.tk.quantum.GlassViewEventHandler.handleMouseEvent(GlassViewEventHandler.java:387) - JavaFX Application Thread
2025-09-27 10:42:03,500 [ERROR] in JavaFX Application Thread - 	at com.sun.glass.ui.View.handleMouseEvent(View.java:573) - JavaFX Application Thread
2025-09-27 10:42:03,500 [ERROR] in JavaFX Application Thread - 	at com.sun.glass.ui.View.notifyMouse(View.java:975) - JavaFX Application Thread
2025-09-27 10:42:03,500 [ERROR] in JavaFX Application Thread - 	at com.sun.glass.ui.monocle.MonocleView.notifyMouse(MonocleView.java:116) - JavaFX Application Thread
2025-09-27 10:42:03,500 [ERROR] in JavaFX Application Thread - 	at java.base/jdk.internal.reflect.DirectMethodHandleAccessor.invoke(DirectMethodHandleAccessor.java:103) - JavaFX Application Thread
2025-09-27 10:42:03,500 [ERROR] in JavaFX Application Thread - 	at java.base/java.lang.reflect.Method.invoke(Method.java:580) - JavaFX Application Thread
2025-09-27 10:42:03,500 [ERROR] in JavaFX Application Thread - 	at simplefx.util.ReflectionUtil$UseReflection.applyDynamic(ReflectionUtil.scala:21) - JavaFX Application Thread
2025-09-27 10:42:03,500 [ERROR] in JavaFX Application Thread - 	at com.sun.glass.ui.monocle.input.fork.NativeMouseInput.notifyMouse(NativeMouseInput.scala:339) - JavaFX Application Thread
2025-09-27 10:42:03,500 [ERROR] in JavaFX Application Thread - 	at com.sun.glass.ui.monocle.input.fork.NativeMouseInput.postMouseEvent(NativeMouseInput.scala:231) - JavaFX Application Thread
2025-09-27 10:42:03,500 [ERROR] in JavaFX Application Thread - 	at com.sun.glass.ui.monocle.input.fork.NativeMouseInput.setState(NativeMouseInput.scala:190) - JavaFX Application Thread
2025-09-27 10:42:03,500 [ERROR] in JavaFX Application Thread - 	at java.base/jdk.internal.reflect.DirectMethodHandleAccessor.invoke(DirectMethodHandleAccessor.java:103) - JavaFX Application Thread
2025-09-27 10:42:03,500 [ERROR] in JavaFX Application Thread - 	at java.base/java.lang.reflect.Method.invoke(Method.java:580) - JavaFX Application Thread
2025-09-27 10:42:03,500 [ERROR] in JavaFX Application Thread - 	at simplefx.util.ReflectionUtil$UseReflection.applyDynamic(ReflectionUtil.scala:21) - JavaFX Application Thread
2025-09-27 10:42:03,500 [ERROR] in JavaFX Application Thread - 	at com.jpro.meta.tk.SceneInputListener.$anonfun$processInputInScene$5(SceneInputListener.scala:332) - JavaFX Application Thread
2025-09-27 10:42:03,500 [ERROR] in JavaFX Application Thread - 	at com.jpro.meta.tk.SceneInputListener.setupDragging(SceneInputListener.scala:233) - JavaFX Application Thread
2025-09-27 10:42:03,500 [ERROR] in JavaFX Application Thread - 	at com.jpro.meta.tk.SceneInputListener.processInputInScene(SceneInputListener.scala:326) - JavaFX Application Thread
2025-09-27 10:42:03,500 [ERROR] in JavaFX Application Thread - 	at com.jpro.meta.tk.SceneInputListener.processInput(SceneInputListener.scala:212) - JavaFX Application Thread
2025-09-27 10:42:03,500 [ERROR] in JavaFX Application Thread - 	at com.jpro.meta.tk.SceneInputListener.processInputs(SceneInputListener.scala:132) - JavaFX Application Thread
2025-09-27 10:42:03,500 [ERROR] in JavaFX Application Thread - 	at com.jpro.meta.tk.SceneInputListener.processOrRequest(SceneInputListener.scala:40) - JavaFX Application Thread
2025-09-27 10:42:03,511 [ERROR] in JavaFX Application Thread - 	at com.jpro.meta.tk.SceneInputListener.$anonfun$new$4(SceneInputListener.scala:58) - JavaFX Application Thread
2025-09-27 10:42:03,512 [ERROR] in JavaFX Application Thread - 	at scala.runtime.java8.JFunction0$mcV$sp.apply(JFunction0$mcV$sp.java:23) - JavaFX Application Thread
2025-09-27 10:42:03,512 [ERROR] in JavaFX Application Thread - 	at simplefx.cores.standard.parts.CoreTimeEvent$$anon$3.run(CoreTimeEvent.scala:62) - JavaFX Application Thread
2025-09-27 10:42:03,512 [ERROR] in JavaFX Application Thread - 	at com.sun.javafx.application.PlatformImpl.lambda$runLater$0(PlatformImpl.java:425) - JavaFX Application Thread
2025-09-27 10:42:03,512 [ERROR] in JavaFX Application Thread - 	at com.sun.glass.ui.monocle.RunnableProcessor.runLoop(RunnableProcessor.java:92) - JavaFX Application Thread
2025-09-27 10:42:03,512 [ERROR] in JavaFX Application Thread - 	at com.sun.glass.ui.monocle.RunnableProcessor.run(RunnableProcessor.java:51) - JavaFX Application Thread
2025-09-27 10:42:03,512 [ERROR] in JavaFX Application Thread - 	at java.base/java.lang.Thread.run(Thread.java:1575) - JavaFX Application Thread
2025-09-27 10:42:04,450 [INFO] in AsyncAppender-Worker-ASYNCSTDOUT - [[34mINFO [0;39m] c.j.i.c.InstanceImpl - [JPro] -> Instance closed: {app_name: default, host_name: localhost:8080, instance_id: 1399294936, browser: Microsoft Edge 140.0.0.0, browser_url: http://localhost:8080/, client_ip: unknown, reason: close-tab-closed} - AsyncAppender-Worker-ASYNCSTDOUT
2025-09-27 10:44:29,306 [INFO] in AsyncAppender-Worker-ASYNCSTDOUT - [[34mINFO [0;39m] c.jpro.activity - Starting the server - AsyncAppender-Worker-ASYNCSTDOUT
2025-09-27 10:44:29,306 [INFO] in AsyncAppender-Worker-ASYNCSTDOUT - [[34mINFO [0;39m] c.j.i.s.JProInitializer$ -  *** Starting JPro: https://www.jpro.one/ *** - AsyncAppender-Worker-ASYNCSTDOUT
2025-09-27 10:44:29,306 [INFO] in AsyncAppender-Worker-ASYNCSTDOUT - [[34mINFO [0;39m] c.j.i.s.JProInitializer$ - OS: Windows 11 - AsyncAppender-Worker-ASYNCSTDOUT
2025-09-27 10:44:29,313 [INFO] in AsyncAppender-Worker-ASYNCSTDOUT - [[34mINFO [0;39m] c.j.i.s.JProInitializer$ - JPro: 2025.3.1-SNAPSHOT - AsyncAppender-Worker-ASYNCSTDOUT
2025-09-27 10:44:29,313 [INFO] in AsyncAppender-Worker-ASYNCSTDOUT - [[34mINFO [0;39m] c.j.i.s.JProInitializer$ - JPro buildtime: Sat, 20 Sep 2025 20:03:24 +0800 - AsyncAppender-Worker-ASYNCSTDOUT
2025-09-27 10:44:29,314 [INFO] in AsyncAppender-Worker-ASYNCSTDOUT - [[34mINFO [0;39m] c.j.i.s.JProInitializer$ - Java version: 23-valhalla - AsyncAppender-Worker-ASYNCSTDOUT
2025-09-27 10:44:29,315 [INFO] in AsyncAppender-Worker-ASYNCSTDOUT - [[34mINFO [0;39m] c.j.i.s.JProInitializer$ - JVM: 23-valhalla Oracle Corporation - AsyncAppender-Worker-ASYNCSTDOUT
2025-09-27 10:44:29,317 [INFO] in AsyncAppender-Worker-ASYNCSTDOUT - [[34mINFO [0;39m] c.j.i.s.JProInitializer$ - JavaFX jar: file:/C:/Users/LDS7871/.m2/repository/org/openjfx/javafx-graphics/25.0.2-jpro/javafx-graphics-25.0.2-jpro-win.jar - AsyncAppender-Worker-ASYNCSTDOUT
2025-09-27 10:44:29,320 [INFO] in AsyncAppender-Worker-ASYNCSTDOUT - [[34mINFO [0;39m] c.j.i.s.JProInitializer$ - Configuring logging from url: 'jar:file:/C:/Users/LDS7871/.m2/repository/one/jpro/jpro-server_2.12/2025.3.1-SNAPSHOT/jpro-server_2.12-2025.3.1-SNAPSHOT.jar!/logback-jpro-default.xml' - AsyncAppender-Worker-ASYNCSTDOUT
2025-09-27 10:44:30,451 [INFO] in AsyncAppender-Worker-ASYNCSTDOUT - [[34mINFO [0;39m] c.j.i.s.JProInitializer$ - JavaFX version: 25.0.2-jpro+0 - AsyncAppender-Worker-ASYNCSTDOUT
2025-09-27 10:44:30,509 [INFO] in JavaFX Application Thread - G1 Young Generation - JavaFX Application Thread
2025-09-27 10:44:30,509 [INFO] in JavaFX Application Thread - G1 Concurrent GC - JavaFX Application Thread
2025-09-27 10:44:30,509 [INFO] in JavaFX Application Thread - G1 Old Generation - JavaFX Application Thread
2025-09-27 10:44:30,530 [INFO] in AsyncAppender-Worker-ASYNCSTDOUT - [[34mINFO [0;39m] c.j.i.s.JProInitializer$ - finished init! - AsyncAppender-Worker-ASYNCSTDOUT
2025-09-27 10:44:30,536 [INFO] in AsyncAppender-Worker-ASYNCSTDOUT - [[34mINFO [0;39m] c.j.i.s.JProInitializer$ - [JPro] -> Server started: {start_time: 1758941069297, os_name: Windows 11, jpro_version: 2025.3.1-SNAPSHOT, pid: 7748} - AsyncAppender-Worker-ASYNCSTDOUT
2025-09-27 10:44:30,644 [INFO] in AsyncAppender-Worker-ASYNCSTDOUT - [[34mINFO [0;39m] c.j.i.s.Route$ - Creating routing for JPro server - AsyncAppender-Worker-ASYNCSTDOUT
2025-09-27 10:44:30,711 [INFO] in AsyncAppender-Worker-ASYNCSTDOUT - [[34mINFO [0;39m] i.h.c.f.HelidonFeatures - Helidon SE 4.2.6 features: [Config, Encoding, Media, Metrics, Registry, WebServer, WebSocket] - AsyncAppender-Worker-ASYNCSTDOUT
2025-09-27 10:44:30,718 [INFO] in AsyncAppender-Worker-ASYNCSTDOUT - [[34mINFO [0;39m] i.h.w.ServerListener - [0x4a2dd669] http://0.0.0.0:8080 bound for socket '@default' - AsyncAppender-Worker-ASYNCSTDOUT
2025-09-27 10:44:30,719 [ERROR] in Thread-0 - There is no Helidon logging implementation on classpath, skipping log configuration. - Thread-0
2025-09-27 10:44:30,723 [INFO] in AsyncAppender-Worker-ASYNCSTDOUT - [[34mINFO [0;39m] i.h.w.LoomServer - Started all channels in 17 milliseconds. 2435 milliseconds since JVM startup. Java 23-valhalla+1-90 - AsyncAppender-Worker-ASYNCSTDOUT
2025-09-27 10:44:30,724 [INFO] in Thread-0 - Server started at http://localhost:8080 - Thread-0
2025-09-27 10:44:31,459 [INFO] in AsyncAppender-Worker-ASYNCSTDOUT - [[34mINFO [0;39m] c.j.i.s.JProWSEndpoint - application requested: default params: Map() - AsyncAppender-Worker-ASYNCSTDOUT
2025-09-27 10:44:31,460 [INFO] in AsyncAppender-Worker-ASYNCSTDOUT - [[34mINFO [0;39m] c.j.i.s.JProWSEndpoint - Creating Application: default - AsyncAppender-Worker-ASYNCSTDOUT
2025-09-27 10:44:31,461 [INFO] in AsyncAppender-Worker-ASYNCSTDOUT - [[34mINFO [0;39m] c.j.i.s.JProWSEndpoint - remoteAddress unknown - AsyncAppender-Worker-ASYNCSTDOUT
2025-09-27 10:44:31,461 [INFO] in AsyncAppender-Worker-ASYNCSTDOUT - [[34mINFO [0;39m] c.j.i.s.JProWSEndpoint - host           - AsyncAppender-Worker-ASYNCSTDOUT
2025-09-27 10:44:31,461 [INFO] in AsyncAppender-Worker-ASYNCSTDOUT - [[34mINFO [0;39m] c.j.i.s.JProWSEndpoint - uri           /app/ws/default - AsyncAppender-Worker-ASYNCSTDOUT
2025-09-27 10:44:31,475 [INFO] in AsyncAppender-Worker-ASYNCSTDOUT - [[34mINFO [0;39m] c.j.i.s.JProWSEndpoint - Application found. - AsyncAppender-Worker-ASYNCSTDOUT
2025-09-27 10:44:31,485 [INFO] in AsyncAppender-Worker-ASYNCSTDOUT - [[34mINFO [0;39m] c.j.i.s.JProWSEndpoint - Handshake received: JSFILE_ID_REPLACED_BY_PLAY - AsyncAppender-Worker-ASYNCSTDOUT
2025-09-27 10:44:31,655 [INFO] in JavaFX Application Thread - 检测到JPro环境 - JavaFX Application Thread
2025-09-27 10:44:31,706 [INFO] in AsyncAppender-Worker-ASYNCSTDOUT - [[34mINFO [0;39m] c.j.i.s.ViewInfo$ - [JPro] -> View created: {app_name: default, host_name: localhost:8080, instance_id: 229956154, browser: Microsoft Edge 140.0.0.0, browser_url: http://localhost:8080/, client_ip: unknown} - AsyncAppender-Worker-ASYNCSTDOUT
2025-09-27 10:44:31,779 [INFO] in JavaFX Application Thread - 启动JPro Web版本... - JavaFX Application Thread
2025-09-27 10:44:31,805 [INFO] in JavaFX Application Thread - JPro游戏环境检测成功 - JavaFX Application Thread
2025-09-27 10:44:31,990 [INFO] in AsyncAppender-Worker-ASYNCSTDOUT - [[34mINFO [0;39m] c.j.i.c.InstanceImpl - [JPro] -> Instance created: {app_name: default, host_name: localhost:8080, instance_id: 229956154, browser: Microsoft Edge 140.0.0.0, browser_url: http://localhost:8080/, client_ip: unknown} - AsyncAppender-Worker-ASYNCSTDOUT
2025-09-27 10:44:34,129 [INFO] in AsyncAppender-Worker-ASYNCSTDOUT - [[34mINFO [0;39m] c.j.m.t.SceneInputListener - On disposing SceneInputListener: primaryScene.window was null. Skipped the forced release of the mouse. - AsyncAppender-Worker-ASYNCSTDOUT
2025-09-27 10:44:34,129 [INFO] in JavaFX Application Thread - 游戏启动: 挑战模式 - JavaFX Application Thread
2025-09-27 10:44:41,627 [INFO] in AsyncAppender-Worker-ASYNCSTDOUT - [[34mINFO [0;39m] c.j.i.s.JProWSEndpoint - Frame received after poison, ignoring - AsyncAppender-Worker-ASYNCSTDOUT
2025-09-27 10:44:41,628 [INFO] in AsyncAppender-Worker-ASYNCSTDOUT - [[34mINFO [0;39m] c.j.i.s.JProWSEndpoint - WebSocket for [default] closed: 1000 – tab-closed - AsyncAppender-Worker-ASYNCSTDOUT
2025-09-27 10:44:41,631 [INFO] in AsyncAppender-Worker-ASYNCSTDOUT - [[34mINFO [0;39m] c.j.i.s.ViewInfo$ - [JPro] -> View closed: {app_name: default, host_name: localhost:8080, instance_id: 229956154, browser: Microsoft Edge 140.0.0.0, browser_url: http://localhost:8080/, client_ip: unknown, reason: tab-closed} - AsyncAppender-Worker-ASYNCSTDOUT
2025-09-27 10:44:41,635 [INFO] in AsyncAppender-Worker-ASYNCSTDOUT - [[34mINFO [0;39m] c.j.i.s.ViewInfo$ -  - AsyncAppender-Worker-ASYNCSTDOUT
2025-09-27 10:44:41,635 [INFO] in AsyncAppender-Worker-ASYNCSTDOUT - [[34mINFO [0;39m] c.j.i.s.ViewInfo$ - Application closed: - AsyncAppender-Worker-ASYNCSTDOUT
2025-09-27 10:44:41,658 [INFO] in AsyncAppender-Worker-ASYNCSTDOUT - [[34mINFO [0;39m] c.j.i.s.ViewInfo$ - startTime      : Sat Sep 27 10:44:41 GMT+08:00 2025       - AsyncAppender-Worker-ASYNCSTDOUT
2025-09-27 10:44:41,658 [INFO] in AsyncAppender-Worker-ASYNCSTDOUT - [[34mINFO [0;39m] c.j.i.s.ViewInfo$ - averageLatency : 00:00:00.002  - AsyncAppender-Worker-ASYNCSTDOUT
2025-09-27 10:44:41,658 [INFO] in AsyncAppender-Worker-ASYNCSTDOUT - [[34mINFO [0;39m] c.j.i.s.ViewInfo$ - averageJitter  : 00:00:00.000   - AsyncAppender-Worker-ASYNCSTDOUT
2025-09-27 10:44:41,659 [INFO] in AsyncAppender-Worker-ASYNCSTDOUT - [[34mINFO [0;39m] c.j.i.s.ViewInfo$ - framerateServer: 00:00:00.000 - AsyncAppender-Worker-ASYNCSTDOUT
2025-09-27 10:44:41,660 [INFO] in AsyncAppender-Worker-ASYNCSTDOUT - [[34mINFO [0;39m] c.j.i.s.ViewInfo$ - framerateClient: 00:00:00.000 - AsyncAppender-Worker-ASYNCSTDOUT
2025-09-27 10:44:41,660 [INFO] in AsyncAppender-Worker-ASYNCSTDOUT - [[34mINFO [0;39m] c.j.i.s.ViewInfo$ - raw            : 0 - AsyncAppender-Worker-ASYNCSTDOUT
2025-09-27 10:44:41,660 [INFO] in AsyncAppender-Worker-ASYNCSTDOUT - [[34mINFO [0;39m] c.j.i.s.ViewInfo$ - zipped         : 0 - AsyncAppender-Worker-ASYNCSTDOUT
2025-09-27 10:44:41,660 [INFO] in AsyncAppender-Worker-ASYNCSTDOUT - [[34mINFO [0;39m] c.j.i.s.ViewInfo$ -  - AsyncAppender-Worker-ASYNCSTDOUT
2025-09-27 10:44:41,662 [ERROR] in JavaFX Application Thread - java.lang.AssertionError: assertion failed: Can't dispose, the JPro view is no longer active. Close reason was: tab-closed - JavaFX Application Thread
2025-09-27 10:44:41,663 [ERROR] in JavaFX Application Thread - 	at scala.Predef$.assert(Predef.scala:223) - JavaFX Application Thread
2025-09-27 10:44:41,663 [ERROR] in JavaFX Application Thread - 	at com.jpro.internal.communicator.ViewImpl.dispose(ViewImpl.scala:226) - JavaFX Application Thread
2025-09-27 10:44:41,663 [ERROR] in JavaFX Application Thread - 	at com.jpro.internal.server.JProWSEndpoint.$anonfun$disposeIfNeeded$1(JProWSEndpoint.scala:221) - JavaFX Application Thread
2025-09-27 10:44:41,663 [ERROR] in JavaFX Application Thread - 	at scala.runtime.java8.JFunction0$mcV$sp.apply(JFunction0$mcV$sp.java:23) - JavaFX Application Thread
2025-09-27 10:44:41,663 [ERROR] in JavaFX Application Thread - 	at simplefx.cores.standard.parts.CoreTimeEvent$$anon$3.run(CoreTimeEvent.scala:62) - JavaFX Application Thread
2025-09-27 10:44:41,663 [ERROR] in JavaFX Application Thread - 	at com.sun.javafx.application.PlatformImpl.lambda$runLater$0(PlatformImpl.java:425) - JavaFX Application Thread
2025-09-27 10:44:41,663 [ERROR] in JavaFX Application Thread - 	at com.sun.glass.ui.monocle.RunnableProcessor.runLoop(RunnableProcessor.java:92) - JavaFX Application Thread
2025-09-27 10:44:41,663 [ERROR] in JavaFX Application Thread - 	at com.sun.glass.ui.monocle.RunnableProcessor.run(RunnableProcessor.java:51) - JavaFX Application Thread
2025-09-27 10:44:41,664 [ERROR] in JavaFX Application Thread - 	at java.base/java.lang.Thread.run(Thread.java:1575) - JavaFX Application Thread
2025-09-27 10:44:41,664 [ERROR] in JavaFX Application Thread - Exception in thread "JavaFX Application Thread" java.lang.AssertionError: assertion failed: Can't dispose, the JPro view is no longer active. Close reason was: tab-closed - JavaFX Application Thread
2025-09-27 10:44:41,664 [ERROR] in JavaFX Application Thread - 	at scala.Predef$.assert(Predef.scala:223) - JavaFX Application Thread
2025-09-27 10:44:41,664 [ERROR] in JavaFX Application Thread - 	at com.jpro.internal.communicator.ViewImpl.dispose(ViewImpl.scala:226) - JavaFX Application Thread
2025-09-27 10:44:41,664 [ERROR] in JavaFX Application Thread - 	at com.jpro.internal.server.JProWSEndpoint.$anonfun$disposeIfNeeded$1(JProWSEndpoint.scala:221) - JavaFX Application Thread
2025-09-27 10:44:41,664 [ERROR] in JavaFX Application Thread - 	at scala.runtime.java8.JFunction0$mcV$sp.apply(JFunction0$mcV$sp.java:23) - JavaFX Application Thread
2025-09-27 10:44:41,664 [ERROR] in JavaFX Application Thread - 	at simplefx.cores.standard.parts.CoreTimeEvent$$anon$3.run(CoreTimeEvent.scala:62) - JavaFX Application Thread
2025-09-27 10:44:41,664 [ERROR] in JavaFX Application Thread - 	at com.sun.javafx.application.PlatformImpl.lambda$runLater$0(PlatformImpl.java:425) - JavaFX Application Thread
2025-09-27 10:44:41,664 [ERROR] in JavaFX Application Thread - 	at com.sun.glass.ui.monocle.RunnableProcessor.runLoop(RunnableProcessor.java:92) - JavaFX Application Thread
2025-09-27 10:44:41,664 [ERROR] in JavaFX Application Thread - 	at com.sun.glass.ui.monocle.RunnableProcessor.run(RunnableProcessor.java:51) - JavaFX Application Thread
2025-09-27 10:44:41,664 [ERROR] in JavaFX Application Thread - 	at java.base/java.lang.Thread.run(Thread.java:1575) - JavaFX Application Thread
2025-09-27 10:44:42,633 [INFO] in AsyncAppender-Worker-ASYNCSTDOUT - [[34mINFO [0;39m] c.j.i.c.InstanceImpl - [JPro] -> Instance closed: {app_name: default, host_name: localhost:8080, instance_id: 229956154, browser: Microsoft Edge 140.0.0.0, browser_url: http://localhost:8080/, client_ip: unknown, reason: close-tab-closed} - AsyncAppender-Worker-ASYNCSTDOUT
2025-09-27 10:45:08,569 [ERROR] in JavaFX Application Thread - Exception in thread "JavaFX Application Thread" java.lang.IllegalStateException: showAndWait is not allowed during animation or layout processing - JavaFX Application Thread
2025-09-27 10:45:08,569 [ERROR] in JavaFX Application Thread - 	at javafx.scene.control.Dialog.showAndWait(Dialog.java:334) - JavaFX Application Thread
2025-09-27 10:45:08,569 [ERROR] in JavaFX Application Thread - 	at com.lds7871.flyaway.A_Contorller.JProGame.showGameResult(JProGame.java:666) - JavaFX Application Thread
2025-09-27 10:45:08,569 [ERROR] in JavaFX Application Thread - 	at com.lds7871.flyaway.A_Contorller.JProGame.endGame(JProGame.java:590) - JavaFX Application Thread
2025-09-27 10:45:08,569 [ERROR] in JavaFX Application Thread - 	at com.lds7871.flyaway.A_Contorller.JProGame.updateGame(JProGame.java:324) - JavaFX Application Thread
2025-09-27 10:45:08,569 [ERROR] in JavaFX Application Thread - 	at com.lds7871.flyaway.A_Contorller.JProGame$1.handle(JProGame.java:278) - JavaFX Application Thread
2025-09-27 10:45:08,569 [ERROR] in JavaFX Application Thread - 	at javafx.animation.AnimationTimer$AnimationTimerReceiver.handle(AnimationTimer.java:51) - JavaFX Application Thread
2025-09-27 10:45:08,569 [ERROR] in JavaFX Application Thread - 	at com.sun.scenario.animation.AbstractPrimaryTimer.timePulseImpl(AbstractPrimaryTimer.java:342) - JavaFX Application Thread
2025-09-27 10:45:08,569 [ERROR] in JavaFX Application Thread - 	at com.sun.scenario.animation.AbstractPrimaryTimer$MainLoop.run(AbstractPrimaryTimer.java:247) - JavaFX Application Thread
2025-09-27 10:45:08,569 [ERROR] in JavaFX Application Thread - 	at com.sun.javafx.tk.quantum.QuantumToolkit.pulse(QuantumToolkit.java:597) - JavaFX Application Thread
2025-09-27 10:45:08,569 [ERROR] in JavaFX Application Thread - 	at com.sun.javafx.tk.quantum.QuantumToolkit.pulse(QuantumToolkit.java:581) - JavaFX Application Thread
2025-09-27 10:45:08,569 [ERROR] in JavaFX Application Thread - 	at com.sun.javafx.tk.quantum.QuantumToolkit.pulseFromQueue(QuantumToolkit.java:574) - JavaFX Application Thread
2025-09-27 10:45:08,569 [ERROR] in JavaFX Application Thread - 	at com.sun.javafx.tk.quantum.QuantumToolkit.lambda$runToolkit$0(QuantumToolkit.java:351) - JavaFX Application Thread
2025-09-27 10:45:08,569 [ERROR] in JavaFX Application Thread - 	at com.sun.glass.ui.monocle.RunnableProcessor.runLoop(RunnableProcessor.java:92) - JavaFX Application Thread
2025-09-27 10:45:08,569 [ERROR] in JavaFX Application Thread - 	at com.sun.glass.ui.monocle.RunnableProcessor.run(RunnableProcessor.java:51) - JavaFX Application Thread
2025-09-27 10:45:08,569 [ERROR] in JavaFX Application Thread - 	at java.base/java.lang.Thread.run(Thread.java:1575) - JavaFX Application Thread
2025-09-27 10:45:15,372 [INFO] in AsyncAppender-Worker-ASYNCSTDOUT - [[34mINFO [0;39m] c.j.i.s.JProInitializer$ - Parent process is not alive anymore. Shutting down. - AsyncAppender-Worker-ASYNCSTDOUT
2025-09-27 10:45:15,376 [INFO] in Thread-1 - Deleted pid file: E:\SAVE\JFX\FlyAway\RUNNING_PID - Thread-1
2025-09-27 10:45:15,379 [INFO] in AsyncAppender-Worker-ASYNCSTDOUT - [[34mINFO [0;39m] i.helidon.Main - Shutdown requested by JVM shutting down - AsyncAppender-Worker-ASYNCSTDOUT
2025-09-27 10:45:15,380 [INFO] in AsyncAppender-Worker-ASYNCSTDOUT - [[34mINFO [0;39m] i.h.w.ServerListener - [0x4a2dd669] @default socket closed. - AsyncAppender-Worker-ASYNCSTDOUT
2025-09-27 10:45:15,385 [INFO] in AsyncAppender-Worker-ASYNCSTDOUT - [[34mINFO [0;39m] i.helidon.Main - Shutdown finished - AsyncAppender-Worker-ASYNCSTDOUT
